original_index,sms_text,predicted_is_otp,predicted_otp_intent,is_phishing
45539,apply available camera claim customer ends free loyalty offer opt orange phone,False,NOT_OTP,True
45967,did heard just like luv make net night time xx,False,NOT_OTP,True
50503,আপনার নম্বরটি পুরস্কার জিতেছে। বিস্তারিত জানতে কল করুন +8801713344556,False,NOT_OTP,True
51178,हे ! आज रूम में मैगी बनाएँ हैं तुम खाओगे तो बोलो तुम्हारे लिए भी बनादे?,False,NOT_OTP,False
47081,08712460324 10p chat cheap cheaper gay hot january min national rate sale stop texts,False,NOT_OTP,True
46518,000 02 03 2nd 900 attempt awaiting awarded bonus caller claim collection contact mobile prize urgent yesterday,False,NOT_OTP,True
42241,escape going minutes theatre watch,False,NOT_OTP,False
48073,100 80062 ans correct draw entered gift receipt registered subscriber txt voucher yr,False,NOT_OTP,True
41253,okie,False,NOT_OTP,False
48434,"প্রিয় শিক্ষার্থী! Coronavirus এর কারণে তোমাদের উপবৃত্তির ৪,২০০ টাকা দেওয়া হচ্ছে। টাকা গ্রহনের জন্য নিম্নোক্ত শিক্ষাবোর্ডের নম্বরে যোগাযোগ করুন।
মোবাঃ 01813849152,
যোগাযোগের সময় সকাল 10 টা রাত 7:30 টা পযন্ত বি:দ্র: একটা বিকাশ নাম্বার নিয়ে ফোন দিতে হবে",False,NOT_OTP,True
47290,21 25 440 62468 ac friend frnd inviting reply send sms stop www yes,False,NOT_OTP,True
51273,"Cialis, Valium, Viagra, Xanax – बेहद कम कीमत पर! बिना प्रिस्क्रिप्शन के! आज ही छूट पाने के लिए क्लिक करें!",False,NOT_OTP,True
51467,"अभी अपडेट करें - क्रिसमस ऑफर! नवीनतम मोटोरोला, सोनी एरिक्सन और नोकिया और मुफ़्त इलेक्ट्रॉनिक्स! ऑरेंज पर डबल मिनट और 1000 टेक्स्ट। MobileUpd8 पर 08000839402 पर कॉल करें या कॉल करें2optout/F4Q=",False,NOT_OTP,True
46186,content download goto internet menu mobile msg order receive service tv ur wap way,False,NOT_OTP,True
53502,"छोटे-छोटे लक्ष्य बनाएं और उन्हें पूरा करें, यह आत्मविश्वास बढ़ाएगा।",False,NOT_OTP,False
45029,150p 2lands 86688 attempt chat contact dear final invited ldn msgrcvdhg row suite342 txt ve w1j6hl xchat,False,NOT_OTP,True
48027,50p cost currently greet meet std text tour win,False,NOT_OTP,True
40899,2nite b4 calls chat half luv sexy term work,False,NOT_OTP,True
51132,अभी रिचार्ज करें और लाभ उठाएं: www.jio.com/r/zCOHBrdGS,False,NOT_OTP,True
45836,100 80062 ans answer birthday correct dear draw entered gift receipt subscriber txt ur voucher,False,NOT_OTP,True
50723,ब्लैकबेरी का नया लॉन्च ब्लैकबेरी की शहर में चर्चा का नया विषय! जानना चाहते हैं कि गैजेट की दुनिया में क्या हलचल है? ^हां/नहीं एयरसेल पर ब्लीक पर आपके सभी उत्तर निःशुल्क हैं।,False,NOT_OTP,True
39439,age good join just life living mobile partner perfect sms thought txt,False,NOT_OTP,True
44359,contacted dating know land landline line mobile service,False,NOT_OTP,True
19889,PNR 6784789478 ticket cancelled. Amt 500.28 will be refunded within 3-4 days. Please check your account/instrument from which this tkt was booked.-IRCTC,False,NOT_OTP,False
48070,02 1000 18 200 500 award claim free guaranteed stop ur urgent won,False,NOT_OTP,True
39165,change jst tat,False,NOT_OTP,False
47705,08000930705 750 anytime camcorder contact half handset line mins network offer phone price rental reply text tried unlimited video,False,NOT_OTP,True
46284,150p 16 20 87077 dont england eve heart joined logo love lover miss national news pobox36504w45wq send team try txt ur yahoo,False,NOT_OTP,True
47792,04 10 2003 24 800 account code expires identifier points private redeemed shows statement,False,NOT_OTP,True
44212,juz lor,False,NOT_OTP,False
47146,contacted dating know land line service,False,NOT_OTP,True
46946,new,False,NOT_OTP,True
50212,"অভিনন্দন! আপনি 50,000 টাকা নগদ পুরস্কার জিতেছেন। আপনার পুরস্কার দাবি করতে 018XXXXXXXXX নম্বরে কল করুন।",False,NOT_OTP,True
44397,100 80062 ans correct draw entered gift no1 receipt registered subscriber ur voucher whats,False,NOT_OTP,True
44324,2nite calls chat cum did heard hope just like luv make net night time wanna xx,False,NOT_OTP,True
52326,"👉VIP समूह में प्रवेश करने के लिए क्लिक करें 30 सेकंड का प्लान प्राप्त करें

https://t.me/+Rlh9gBDpYc05NDEy

👉पंजीकरण लिंक 

😬 https://usdtbet6.net/#/register?invिटेशनCode=864652392920

👑128 🔴🔴🔴 🌟🌟बड़ा 🌟🌟",False,NOT_OTP,True
48150,awarded bonus customer following mob pleased prize review valued,False,NOT_OTP,True
44466,08000839402 1000 bluetooth call2optout double free latest linerental mins mobileupd8 motorola nokia orange price sonyericsson tariffs txts,False,NOT_OTP,True
42151,00 300 bank buy com issues pick strong,False,NOT_OTP,True
50277,আপনার বিদ্যুৎ বিল পরিশোধ না হওয়ায় সংযোগ কেটে দেয়া হবে। কল করুন +8801912233445,False,NOT_OTP,True
49547,https://t.me/darazbotpay_bot?start=r05257773745 একটা রেফার করলে 200 টাকা 25 টা রেফার করলেই টাকা তুলতে পারবেন তো আর দেরি না করে এখনি টেলিগ্রাম  এ গিয়ে start কইরা দেন সবাই😊🫶,False,NOT_OTP,True
43745,aha talking,False,NOT_OTP,False
45161,08712460324 10p chat cheap cheaper gay good hot min national rate sale stop texts,False,NOT_OTP,True
45350,awaiting com day fantastic http important information log lucky orange surprise today ur urawinner user www,False,NOT_OTP,True
44836,08712460324 10p 60p calling don fun girls just min miss rate send stop texts weekend,False,NOT_OTP,True
49878,"২০০ টাকা বিনামূল্যে বোনাস!
৫০০০টাকা জেতার সুযোগ।
https://cutt.ly/JiliG",False,NOT_OTP,True
45079,500 activate com conditions free message messages replying terms text visit word www,False,NOT_OTP,True
1691,"Dear Customer,
Thanks for choosing Licious. Your order la2hfcmmvwtd is scheduled for 2025-09-02 between 7 PM - 9 PM. -Licious",False,NOT_OTP,False
48810,"Ads dekhe daily 200-300 tk income korte chaile join korun https://adswork-bd.com/register?ref=140639 
100% trusted site Free te kaj korte paben",False,NOT_OTP,True
43960,alright cheers coming gonna hows money oh ok school thursday work yay yeah,False,NOT_OTP,False
49872,আপনার অ্যাকাউন্টে সন্দেহজনক কার্যকলাপ হয়েছে। লগইন করে যাচাই করুন: [secureverify.com/VerifyBD],False,NOT_OTP,True
41015,dream fantasy football opt play saturday sky starts team tv,False,NOT_OTP,True
67776,Someone has contacted our dating service and entered your phone because they fancy you! To find out who it is call from a landline 09111032124 . PoBox12n146tf150p,False,NOT_OTP,True
38942,ah hey told,False,NOT_OTP,False
52751,मुफ़्त वर्कशॉप दस्तावेज़ के साथ विदेश में काम करें। आज ही कॉल करें।,False,NOT_OTP,True
52059,आपके आने का इंतजार है।,False,NOT_OTP,False
54031,"54999 पर एमएस आईटी भेजें और नोएडा एक्सटेंशन में अपना सपनों का घर केवल 13.99 लाख रुपये में प्राप्त करें, जिसमें नोएडा एक्सटेंशन में संस्कृति 2/3 बीएचके प्रीमियम फ्लैट शामिल है।",False,NOT_OTP,True
39656,did say umma,False,NOT_OTP,False
45387,000 10 150 150ppm 18 434 await box cash collection complimentary cs holiday ibiza landline po ppm sae urgent,False,NOT_OTP,True
40120,2day calls day fancy fri hi hotel leave msg pls,False,NOT_OTP,True
39571,dont ok talk word,False,NOT_OTP,False
45410,200 88039 age16 awarded break city number shopping skilgme spree store summer txt ur win wk,False,NOT_OTP,True
49988,"ফ্রি ইনকাম ।কাজ করতে চাইলে লিংক ক্লিক করে  একাউন্ট করেন ।

https://online-earn.beauty/371606448961",False,NOT_OTP,True
45497,0870 08707509020 1327 20p 5wb box cr9 croydon fantasies hot just live min national ntt po rate,False,NOT_OTP,True
45671,00 08000930705 100 300 3510i bank buy camcorder colour com free issues minutes mobile new nokia phone pick reply strong texts want,False,NOT_OTP,True
64123,yes,False,NOT_OTP,False
44682,08712460324 10p 60p chat cheap cheaper fantasies gay hot just like min national rate sale stop tell texts,False,NOT_OTP,True
45629,08718727870 150p 1st club free msg polys reply ringtone send sms stop sub subs tone txt week weekly,False,NOT_OTP,True
50719,पारी की हार इंग्लैंड से खेलते हुए श्रीलंका को कितनी बार पारी की हार का सामना करना पड़ा है? 1) दो 2) तीन 3) चार ^1/2/3 वीडियो प्राप्त करने के लिए 24 घंटे के भीतर उत्तर दें।,False,NOT_OTP,True
46896,500 86688 answer bonus com easy hmv info just play pounds questions real send special vouchers won www,False,NOT_OTP,True
46021,100 500 87066 awarded cd com1win150ppmx3age16 congratulations draw entry free gift guaranteed ldew music tncs txt ur vouchers weekly wkly www xmas,False,NOT_OTP,True
47778,08712460324 60p fantasies girls just like min rate send stop tell texts,False,NOT_OTP,True
47408,04 06 11 2003 26 800 account code expires identifier points private redeemed shows statement,False,NOT_OTP,True
45412,200 88039 age16 awarded break city shopping skilgme spree store summer txt ur win wk,False,NOT_OTP,True
46463,charge current ends free handset mobile offer tel today,False,NOT_OTP,True
9280,"ICICI SECURITIES LIMITED on 27-07-24 reported your Fund bal Rs.4 & Securities bal 0. This excludes your Bank, DP & PMS bal with the broker-NSE",False,NOT_OTP,False
44403,08718720201 150p 2lands 500 86688 balance cash cc currently hg hmv maximize msg pounds quiz row send suite342 ur w1j6hl,False,NOT_OTP,True
50396,আপনার সঞ্চয় দ্বিগুণ করুন! এখনই কল করুন: +8801919876543,False,NOT_OTP,True
53096,आपके PAN में समस्या है। अपडेट करें: https://panfix.co/xKL98J7N -PANSuppor,False,NOT_OTP,True
44101,latest news police station,False,NOT_OTP,True
43375,1st arcade free game games key o2 post press reply save settings ur,False,NOT_OTP,True
44992,000 10 150ppm 18 434 await box cash collection complimentary cs holiday ibiza landline po sae tenerife urgent,False,NOT_OTP,True
545,"Dear Customer, your payment of INR 261.81 for WixComIndiaPrivateLimited to be debited from your ICICI Bank Credit Card 6053, as per Standing Instructions XWya6GSkpp, is due by 15/10/2025. To cancel this debit or your Standing Instructions, visit https://icici.co/ICICIT/Ku63G1 >Cards>Credit Cards>Standing Instructions and Recurring Charges>Manage Standing Instructions.",False,NOT_OTP,True
40117,150p 40gb 500 83355 collect guaranteed ipod mp3 nokia phone player prize tc txt word,False,NOT_OTP,True
39711,100 cash chance does flower quiz tv txt win,False,NOT_OTP,True
59010,"Dear SBI UPI User, your account is debited INR 190.3 on Date 2018-02-09 05:04:10 PM by UPI Ref No 804017730378.Download YONO @ www.yonosbi.com",False,NOT_OTP,False
47220,08002986906 11mths camera colour december entitled free latest mobile update,False,NOT_OTP,True
53877,मुफ्त डाटा पाने के लिए इस लिंक पर क्लिक करें।,False,NOT_OTP,True
47281,200 88039 age16 awarded break city shopping skilgme spree store summer txt ur win wk,False,NOT_OTP,True
44352,com content dear free games great mobile pix poly ringtones true uk www,False,NOT_OTP,True
26788,"Dear Customer, your ICICI Bank Account XX525 has been credited with INR 52,994.12 on 30-Nov-22. Info:BIL*INFT*000547546187*NA*. The Available Balance is INR 09,566.97.",False,NOT_OTP,False
40431,000 0800 500 free help loan purpose refused tenants text welcome,False,NOT_OTP,True
41380,150ppm 16 5000 await award cash collection cs holiday landline sae urgent,False,NOT_OTP,True
26817,Dear Client Funds on 01/04/2023.MCX 0.Net Exchanges 0.Clear Exchanges 0.For MCX M-ID 56250-ICICI Securities Limited.UCC 0089465323.MCXLTD,False,NOT_OTP,False
45084,09050090044 50 5000 await collection cost costa del holiday max10mins pm pobox334 sae sk38xh sol stockport tc tcs toclaim ve won,False,NOT_OTP,True
42260,ans answer father gt hav iq john joy lt question tis try,False,NOT_OTP,False
47709,11mths camera cs free half latest line orange phone phones price rental update,False,NOT_OTP,True
48552,"যাদের টেলিগ্রাম আছে তাঁরা আজ থেকে অনেক টাকা ইনকাম করতে পারবেন।https://t.me/Moshiur3412_bot?start=r00372672385
দিনে ১ ঘন্টা সময় ব্যয় করে 500💵 থেকে 1000💵 টাকা ইনকাম করুন। কোন এড ছাড়াই। আপনি কল্পনা করতে পারবেন না যে বিশাল বড় সুযোগ চাচ্ছে আপনার সামনে থেকে💸😱।তাই এই সুযোগ মিস করতে না চাইলে উপরের টেলিগ্রাম লিংকে ক্লিক করুন এখুনি",False,NOT_OTP,True
46201,message new order tones week,False,NOT_OTP,True
46127,08702840625 3qxj9 9ae charge comuk credits extra goto help inclusive login net pls services sms stop text unsubscribe www,False,NOT_OTP,True
