original_index,sms_text,predicted_is_otp,predicted_otp_intent,classification_status,batch_number,is_phishing_original,sender
synthetic_b09f2a2a,Your OTP for updating your Paytm account details is 7842. Do not share this code.,True,APP_ACCOUNT_CHANGE_OTP,synthetic_auto,synthetic_auto,False,
synthetic_625c578b,Your OTP for updating your Paytm account details is 7842. Do not share this code with anyone.,True,APP_ACCOUNT_CHANGE_OTP,synthetic_auto,synthetic_auto,False,
synthetic_75dd4c34,Your OTP for updating your PhonePe account is 7294. Do not share this code.,True,APP_ACCOUNT_CHANGE_OTP,synthetic_auto,synthetic_auto,False,
synthetic_437d9a26,Your OTP for updating your Paytm account details is 7391. Do not share this code with anyone.,True,APP_ACCOUNT_CHANGE_OTP,synthetic_auto,synthetic_auto,False,
synthetic_6b72c622,Your OTP for updating your Paytm account details is 5832. Do not share this code with anyone.,True,APP_ACCOUNT_CHANGE_OTP,synthetic_auto,synthetic_auto,False,
synthetic_dd648d2f,Your OTP for updating your Paytm account details is 7294. Do not share this code with anyone.,True,APP_ACCOUNT_CHANGE_OTP,synthetic_auto,synthetic_auto,False,
synthetic_d44b87e0,Your OTP for updating your Paytm account details is 567812. Do not share this code with anyone.,True,APP_ACCOUNT_CHANGE_OTP,synthetic_auto,synthetic_auto,False,
synthetic_c5fbcf95,Your OTP for updating your PhonePe account details is 7294. Do not share this code with anyone.,True,APP_ACCOUNT_CHANGE_OTP,synthetic_auto,synthetic_auto,False,
synthetic_db89423e,Your OTP for updating your Paytm account details is 7395. Do not share this code with anyone.,True,APP_ACCOUNT_CHANGE_OTP,synthetic_auto,synthetic_auto,False,
synthetic_4d6f5182,Your OTP for updating your Paytm account details is 7824. Do not share this code with anyone.,True,APP_ACCOUNT_CHANGE_OTP,synthetic_auto,synthetic_auto,False,
synthetic_4aa3117f,Your OTP for updating your Paytm account details is 7428. Do not share this code.,True,APP_ACCOUNT_CHANGE_OTP,synthetic_auto,synthetic_auto,False,
synthetic_d69bae9a,Your OTP for updating your profile email in Myntra is 5832. Do not share this code.,True,APP_ACCOUNT_CHANGE_OTP,synthetic_auto,synthetic_auto,False,
synthetic_5454efdf,Your OTP for updating your profile email in Myntra is 7429. Do not share this code.,True,APP_ACCOUNT_CHANGE_OTP,synthetic_auto,synthetic_auto,False,
synthetic_07c8a5a7,Your OTP for updating profile details in Myntra is 5832. Do not share this code.,True,APP_ACCOUNT_CHANGE_OTP,synthetic_auto,synthetic_auto,False,
synthetic_3f43051e,Your OTP for updating your PhonePe account profile is 7842. Do not share this code with anyone.,True,APP_ACCOUNT_CHANGE_OTP,synthetic_auto,synthetic_auto,False,
synthetic_fb06bf61,Your OTP for updating your profile email in PhonePe is 7428. Do not share this code.,True,APP_ACCOUNT_CHANGE_OTP,synthetic_auto,synthetic_auto,False,
synthetic_61db0101,Your OTP for updating your profile email in Myntra is 4729. Do not share this code.,True,APP_ACCOUNT_CHANGE_OTP,synthetic_auto,synthetic_auto,False,
synthetic_42fe5a74,Your OTP for updating your profile email in Myntra is 7428. Do not share this code.,True,APP_ACCOUNT_CHANGE_OTP,synthetic_auto,synthetic_auto,False,
synthetic_48c7e11a,Your OTP for updating your profile email in MyJio is 5832. Do not share this code.,True,APP_ACCOUNT_CHANGE_OTP,synthetic_auto,synthetic_auto,False,
synthetic_624deb41,Your OTP for updating your profile email in PhonePe is 7429. Do not share this code.,True,APP_ACCOUNT_CHANGE_OTP,synthetic_auto,synthetic_auto,False,
synthetic_d16f0c5a,Your OTP for updating your profile email in MyJio app is 7429. Do not share this code with anyone.,True,APP_ACCOUNT_CHANGE_OTP,synthetic_auto,synthetic_auto,False,
synthetic_083345d3,Your OTP for updating your profile email in Myntra is 5837. Do not share this code.,True,APP_ACCOUNT_CHANGE_OTP,synthetic_auto,synthetic_auto,False,
synthetic_65045212,Your OTP for updating your profile email in Myntra is 7842. Do not share this code.,True,APP_ACCOUNT_CHANGE_OTP,synthetic_auto,synthetic_auto,False,
synthetic_8e38afd9,Your OTP for updating your profile email in MyJio is 7392. Do not share this code.,True,APP_ACCOUNT_CHANGE_OTP,synthetic_auto,synthetic_auto,False,
synthetic_884fe6ba,Your OTP for updating your profile email in MyJio is 4729. Do not share this code.,True,APP_ACCOUNT_CHANGE_OTP,synthetic_auto,synthetic_auto,False,
synthetic_7d651cad,Your OTP for updating your profile email in Myntra is 7294. Do not share this code.,True,APP_ACCOUNT_CHANGE_OTP,synthetic_auto,synthetic_auto,False,
synthetic_011326c5,Your OTP for updating profile details in Myntra is 7294. Do not share this code.,True,APP_ACCOUNT_CHANGE_OTP,synthetic_auto,synthetic_auto,False,
synthetic_4cd96c2e,Your OTP for updating your profile email in MyJio is 7294. Do not share this code.,True,APP_ACCOUNT_CHANGE_OTP,synthetic_auto,synthetic_auto,False,
synthetic_ae8c05c5,Your OTP for updating your profile email in MyJio is 5837. Do not share this code.,True,APP_ACCOUNT_CHANGE_OTP,synthetic_auto,synthetic_auto,False,
synthetic_7ea7199f,Your OTP for updating your profile email in PhonePe is 5832. Do not share this code.,True,APP_ACCOUNT_CHANGE_OTP,synthetic_auto,synthetic_auto,False,
synthetic_96e63f5f,Your OTP for updating profile details in Myntra is 7428. Do not share this code.,True,APP_ACCOUNT_CHANGE_OTP,synthetic_auto,synthetic_auto,False,
synthetic_442cdc9c,Your OTP for updating your profile email in MyJio app is 742891. Do not share this code.,True,APP_ACCOUNT_CHANGE_OTP,synthetic_auto,synthetic_auto,False,
synthetic_3f2fd720,Your OTP for changing your registered mobile number in Paytm is 5391. Do not share this code.,True,APP_ACCOUNT_CHANGE_OTP,synthetic_auto,synthetic_auto,False,
synthetic_c958694d,Your OTP for changing your profile phone number in Paytm is 5391. Do not share this code.,True,APP_ACCOUNT_CHANGE_OTP,synthetic_auto,synthetic_auto,False,
synthetic_73e1d222,Your OTP for updating your profile password in Google Pay is 8264. Do not share this code.,True,APP_ACCOUNT_CHANGE_OTP,synthetic_auto,synthetic_auto,False,
synthetic_632a63a2,Your OTP for updating your profile contact number in Amazon is 6193. Do not share this code.,True,APP_ACCOUNT_CHANGE_OTP,synthetic_auto,synthetic_auto,False,
synthetic_06e9ca8f,Your OTP for updating your profile phone number in Amazon is 6185. Do not share this code.,True,APP_ACCOUNT_CHANGE_OTP,synthetic_auto,synthetic_auto,False,
synthetic_91bbcb74,Your OTP for updating your profile phone number in Amazon is 6159. Do not share this code.,True,APP_ACCOUNT_CHANGE_OTP,synthetic_auto,synthetic_auto,False,
synthetic_f2d14d8c,Your OTP for updating your profile contact number in Amazon is 6195. Do not share this code.,True,APP_ACCOUNT_CHANGE_OTP,synthetic_auto,synthetic_auto,False,
synthetic_bb9e55a0,Your OTP for updating your profile phone number in Amazon is 6195. Do not share this code.,True,APP_ACCOUNT_CHANGE_OTP,synthetic_auto,synthetic_auto,False,
synthetic_6375a47e,Your OTP for updating your profile email in Amazon is 4857. Do not share this code.,True,APP_ACCOUNT_CHANGE_OTP,synthetic_auto,synthetic_auto,False,
synthetic_3a38fb4b,Your OTP for updating your profile phone number in CRED is 4857. Do not share this code.,True,APP_ACCOUNT_CHANGE_OTP,synthetic_auto,synthetic_auto,False,
synthetic_d32af9b4,Your OTP for updating your profile phone number in Amazon is 6157. Do not share this code.,True,APP_ACCOUNT_CHANGE_OTP,synthetic_auto,synthetic_auto,False,
synthetic_99b92cc9,Your OTP for updating your profile phone number in CRED is 6193. Do not share this code.,True,APP_ACCOUNT_CHANGE_OTP,synthetic_auto,synthetic_auto,False,
synthetic_5c807472,Your OTP for updating your profile contact number in Flipkart is 6193. Do not share this code.,True,APP_ACCOUNT_CHANGE_OTP,synthetic_auto,synthetic_auto,False,
synthetic_9ea8db4c,Your OTP for changing your registered email address in Flipkart is 3075. Do not share this code.,True,APP_ACCOUNT_CHANGE_OTP,synthetic_auto,synthetic_auto,False,
synthetic_18e76d85,Your OTP for updating your profile contact details in Flipkart is 3075. Do not share this code.,True,APP_ACCOUNT_CHANGE_OTP,synthetic_auto,synthetic_auto,False,
synthetic_53e6d2a6,Your OTP for updating your profile contact number in Flipkart is 3075. Do not share this code.,True,APP_ACCOUNT_CHANGE_OTP,synthetic_auto,synthetic_auto,False,
synthetic_4d090158,Your OTP for updating your profile email in PhonePe is 7248. Do not share this code.,True,APP_ACCOUNT_CHANGE_OTP,synthetic_auto,synthetic_auto,False,
synthetic_4bf9e5cc,Your OTP for updating your profile email in PhonePe is 7284. Do not share this code.,True,APP_ACCOUNT_CHANGE_OTP,synthetic_auto,synthetic_auto,False,
synthetic_415625e4,Your OTP for updating your profile phone number in PhonePe is 7284. Do not share this code.,True,APP_ACCOUNT_CHANGE_OTP,synthetic_auto,synthetic_auto,False,
synthetic_4adadace,Your HDFC Bank login OTP is 7392. Do not share this code.,True,FINANCIAL_LOGIN_OTP,synthetic_auto,synthetic_auto,False,
synthetic_932a5fb7,Your KYC eSign OTP is 7294. Do not share this code with anyone. - HDFC Bank,True,KYC_OR_ESIGN_OTP,synthetic_auto,synthetic_auto,False,
synthetic_4ff932fb,Your UPI transaction OTP is 7842. Do not share this code with anyone. - HDFC Bank,True,UPI_TXN_OR_PIN_OTP,synthetic_auto,synthetic_auto,False,
synthetic_4a599b88,Your OTP for updating your profile email in Paytm is 7392. Do not share this code.,True,APP_ACCOUNT_CHANGE_OTP,synthetic_auto,synthetic_auto,False,
synthetic_a84aa00e,Your SBI YONO login OTP is 7845. Do not share this code with anyone.,True,FINANCIAL_LOGIN_OTP,synthetic_auto,synthetic_auto,False,
synthetic_0e535b94,Your KYC eSign OTP is 5678. Do not share this code. - HDFC Bank,True,KYC_OR_ESIGN_OTP,synthetic_auto,synthetic_auto,False,
synthetic_7b1e63a9,Your UPI payment OTP is 5396. Do not share this code. - ICICI Bank,True,UPI_TXN_OR_PIN_OTP,synthetic_auto,synthetic_auto,False,
synthetic_cd7338c3,Your OTP for updating your profile email in PhonePe is 5297. Do not share this code with anyone.,True,APP_ACCOUNT_CHANGE_OTP,synthetic_auto,synthetic_auto,False,
synthetic_679eaadc,Your ICICI Bank login OTP is 5927. Do not share this code with anyone.,True,FINANCIAL_LOGIN_OTP,synthetic_auto,synthetic_auto,False,
synthetic_16d2242c,Your KYC verification OTP for ICICI Bank is 5397. Do not share this code with anyone.,True,KYC_OR_ESIGN_OTP,synthetic_auto,synthetic_auto,False,
synthetic_b6aad61f,Your UPI payment OTP is 5397. Do not share this code. - ICICI Bank,True,UPI_TXN_OR_PIN_OTP,synthetic_auto,synthetic_auto,False,
synthetic_1392a3d3,Your OTP for updating profile email in MyJio app is 5397. Do not share this code.,True,APP_ACCOUNT_CHANGE_OTP,synthetic_auto,synthetic_auto,False,
synthetic_a0c1ace6,Your Kotak Mahindra Bank login OTP is 5397. Do not share this code.,True,FINANCIAL_LOGIN_OTP,synthetic_auto,synthetic_auto,False,
synthetic_024c3c5d,Your KYC eSign OTP is 5397. Do not share this code with anyone. - ICICI Bank,True,KYC_OR_ESIGN_OTP,synthetic_auto,synthetic_auto,False,
synthetic_702451fa,Your UPI PIN change OTP is 6184. Do not share this code. - Axis Bank,True,UPI_TXN_OR_PIN_OTP,synthetic_auto,synthetic_auto,False,
synthetic_3f004cbc,Your OTP for updating profile email in PhonePe is 8264. Do not share this code with anyone.,True,APP_ACCOUNT_CHANGE_OTP,synthetic_auto,synthetic_auto,False,
synthetic_57bd54ae,Your SBI YONO login OTP is 8264. Do not share this code.,True,FINANCIAL_LOGIN_OTP,synthetic_auto,synthetic_auto,False,
synthetic_5ce15e8b,Your KYC verification OTP for eSign is 6284. Do not share this code with anyone. - Axis Bank,True,KYC_OR_ESIGN_OTP,synthetic_auto,synthetic_auto,False,
synthetic_eafd6203,Your UPI PIN change OTP is 6284. Do not share this code. - Axis Bank,True,UPI_TXN_OR_PIN_OTP,synthetic_auto,synthetic_auto,False,
synthetic_ab649067,Your OTP for updating your profile email in PhonePe is 6193. Do not share this code.,True,APP_ACCOUNT_CHANGE_OTP,synthetic_auto,synthetic_auto,False,
synthetic_99968f2d,Your login OTP for SBI YONO is 628491. Do not share this code with anyone.,True,FINANCIAL_LOGIN_OTP,synthetic_auto,synthetic_auto,False,
synthetic_99b4bd43,Your KYC verification OTP is 628451. Do not share this code with anyone. - Axis Bank,True,KYC_OR_ESIGN_OTP,synthetic_auto,synthetic_auto,False,
synthetic_eee47fd5,Your UPI PIN change OTP is 8261. Do not share this code. - Axis Bank,True,UPI_TXN_OR_PIN_OTP,synthetic_auto,synthetic_auto,False,
synthetic_045ebd76,Your OTP for updating your profile email in MyJio app is 6284. Do not share this code.,True,APP_ACCOUNT_CHANGE_OTP,synthetic_auto,synthetic_auto,False,
synthetic_cc2dbc3e,Your login OTP for SBI YONO is 6194. Do not share this code.,True,FINANCIAL_LOGIN_OTP,synthetic_auto,synthetic_auto,False,
synthetic_70ee7cd6,Your KYC verification OTP is 628491. Do not share this code. - State Bank of India,True,KYC_OR_ESIGN_OTP,synthetic_auto,synthetic_auto,False,
synthetic_4d92ff94,Your UPI transaction OTP for SBI is 4953. Do not share this code with anyone.,True,UPI_TXN_OR_PIN_OTP,synthetic_auto,synthetic_auto,False,
synthetic_2ad6043d,Your OTP for updating your profile email in PhonePe is 4593. Do not share this code with anyone.,True,APP_ACCOUNT_CHANGE_OTP,synthetic_auto,synthetic_auto,False,
synthetic_889f6b0f,Your login OTP for SBI YONO is 4917. Do not share this code.,True,FINANCIAL_LOGIN_OTP,synthetic_auto,synthetic_auto,False,
synthetic_2214b268,Your KYC verification OTP is 4953. Do not share this code with anyone. - SBI,True,KYC_OR_ESIGN_OTP,synthetic_auto,synthetic_auto,False,
synthetic_fe6cb034,Your UPI transaction OTP for SBI is 4953. Do not share this code.,True,UPI_TXN_OR_PIN_OTP,synthetic_auto,synthetic_auto,False,
synthetic_bb811bfb,Your OTP for updating your profile email in PhonePe is 4297. Do not share this code.,True,APP_ACCOUNT_CHANGE_OTP,synthetic_auto,synthetic_auto,False,
synthetic_220a5b4e,Your SBI YONO login OTP is 5927. Do not share this code with anyone.,True,FINANCIAL_LOGIN_OTP,synthetic_auto,synthetic_auto,False,
synthetic_bc712042,Your KYC verification OTP is 4928. Do not share this code. - SBI,True,KYC_OR_ESIGN_OTP,synthetic_auto,synthetic_auto,False,
synthetic_5693f120,Your UPI transaction OTP is 4953. Do not share this code with anyone. - SBI,True,UPI_TXN_OR_PIN_OTP,synthetic_auto,synthetic_auto,False,
synthetic_127decbc,Your OTP for updating your profile email in Paytm is 4729. Do not share this code with anyone.,True,APP_ACCOUNT_CHANGE_OTP,synthetic_auto,synthetic_auto,False,
synthetic_186fc40c,Your SBI YONO login OTP is 4591. Do not share this code with anyone.,True,FINANCIAL_LOGIN_OTP,synthetic_auto,synthetic_auto,False,
synthetic_0238015f,Your KYC verification OTP for SBI YONO is 6194. Do not share this code with anyone.,True,KYC_OR_ESIGN_OTP,synthetic_auto,synthetic_auto,False,
synthetic_03a5e8a3,Your UPI transaction OTP for SBI is 6194. Do not share this code.,True,UPI_TXN_OR_PIN_OTP,synthetic_auto,synthetic_auto,False,
synthetic_15df83f3,Your OTP for updating profile email in PhonePe is 4592. Do not share this code with anyone.,True,APP_ACCOUNT_CHANGE_OTP,synthetic_auto,synthetic_auto,False,
synthetic_04e1ba6a,Your SBI YONO login OTP is 4927. Do not share this code with anyone.,True,FINANCIAL_LOGIN_OTP,synthetic_auto,synthetic_auto,False,
synthetic_2ea95c9e,Your KYC verification OTP is 4953. Do not share this code. - SBI,True,KYC_OR_ESIGN_OTP,synthetic_auto,synthetic_auto,False,
synthetic_328a5d3c,Your UPI transaction OTP for SBI is 6158. Do not share this code.,True,UPI_TXN_OR_PIN_OTP,synthetic_auto,synthetic_auto,False,
synthetic_3b9ab33d,Your OTP for updating profile email in Myntra app is 4927. Do not share this code.,True,APP_ACCOUNT_CHANGE_OTP,synthetic_auto,synthetic_auto,False,
synthetic_2aebd9ca,Your SBI YONO login OTP is 4593. Do not share this code with anyone.,True,FINANCIAL_LOGIN_OTP,synthetic_auto,synthetic_auto,False,
synthetic_f742df85,Your KYC verification OTP for SBI YONO is 4927. Do not share this code.,True,KYC_OR_ESIGN_OTP,synthetic_auto,synthetic_auto,False,
synthetic_a0111cd4,Your UPI transaction OTP for Kotak Mahindra Bank is 4729. Do not share this code.,True,UPI_TXN_OR_PIN_OTP,synthetic_auto,synthetic_auto,False,
synthetic_0ea18afb,Your OTP for updating profile email in MyJio app is 4297. Do not share this code.,True,APP_ACCOUNT_CHANGE_OTP,synthetic_auto,synthetic_auto,False,
synthetic_dd5815e5,Your Kotak Mahindra Bank login OTP is 4729. Do not share this code.,True,FINANCIAL_LOGIN_OTP,synthetic_auto,synthetic_auto,False,
synthetic_66f87478,Your KYC verification OTP for Kotak Mahindra Bank is 4729. Do not share this code.,True,KYC_OR_ESIGN_OTP,synthetic_auto,synthetic_auto,False,
synthetic_d7f9a56b,Your UPI transaction OTP for Kotak Mahindra Bank is 4927. Do not share this code.,True,UPI_TXN_OR_PIN_OTP,synthetic_auto,synthetic_auto,False,
synthetic_0e23489e,Your OTP for updating profile email in MyJio app is 4729. Do not share this code.,True,APP_ACCOUNT_CHANGE_OTP,synthetic_auto,synthetic_auto,False,
synthetic_e2a91684,Your Kotak Mahindra Bank login OTP is 4927. Do not share this code with anyone.,True,FINANCIAL_LOGIN_OTP,synthetic_auto,synthetic_auto,False,
synthetic_1fdae0c6,Your eSign OTP for KYC with IDFC FIRST Bank is 3851. Do not share this code.,True,KYC_OR_ESIGN_OTP,synthetic_auto,synthetic_auto,False,
synthetic_c94a3b10,Your UPI transaction OTP for Paytm Payments Bank is 3195. Do not share this code.,True,UPI_TXN_OR_PIN_OTP,synthetic_auto,synthetic_auto,False,
synthetic_56ba9140,Your OTP for updating profile email in PhonePe is 3851. Do not share this code with anyone.,True,APP_ACCOUNT_CHANGE_OTP,synthetic_auto,synthetic_auto,False,
synthetic_e2e03d8e,Your login OTP for Paytm Payments Bank is 3095. Do not share this code.,True,FINANCIAL_LOGIN_OTP,synthetic_auto,synthetic_auto,False,
synthetic_d6783507,Your KYC eSign OTP for HDFC Bank is 7246. Do not share this code.,True,KYC_OR_ESIGN_OTP,synthetic_auto,synthetic_auto,False,
synthetic_4e865e84,Your UPI transaction OTP for HDFC Bank is 9247. Do not share this code.,True,UPI_TXN_OR_PIN_OTP,synthetic_auto,synthetic_auto,False,
synthetic_9b511da9,Your OTP for updating profile email in Paytm is 7248. Do not share this code.,True,APP_ACCOUNT_CHANGE_OTP,synthetic_auto,synthetic_auto,False,
synthetic_a334fb92,Your login OTP for HDFC Bank NetBanking is 7246. Do not share this code.,True,FINANCIAL_LOGIN_OTP,synthetic_auto,synthetic_auto,False,
synthetic_8b1f853e,Your eSign OTP for KYC with ICICI Bank is 5397. Do not share this code.,True,KYC_OR_ESIGN_OTP,synthetic_auto,synthetic_auto,False,
synthetic_74ce94e4,Your UPI payment OTP for ICICI Bank is 9374. Do not share this code.,True,UPI_TXN_OR_PIN_OTP,synthetic_auto,synthetic_auto,False,
synthetic_424c867f,Your OTP for updating profile email in PhonePe is 5397. Do not share this code.,True,APP_ACCOUNT_CHANGE_OTP,synthetic_auto,synthetic_auto,False,
synthetic_f5cd2b81,Your login OTP for ICICI Bank iMobile is 5397. Do not share this code.,True,FINANCIAL_LOGIN_OTP,synthetic_auto,synthetic_auto,False,
synthetic_b4840083,Your KYC eSign OTP for ICICI Bank is 9384. Do not share this code.,True,KYC_OR_ESIGN_OTP,synthetic_auto,synthetic_auto,False,
synthetic_b215283a,Your UPI payment OTP for ICICI Bank is 9384. Do not share this code.,True,UPI_TXN_OR_PIN_OTP,synthetic_auto,synthetic_auto,False,
synthetic_32988f55,Your OTP for updating phone number in PhonePe is 8241. Do not share this code.,True,APP_ACCOUNT_CHANGE_OTP,synthetic_auto,synthetic_auto,False,
synthetic_2d89e819,Your login OTP for ICICI Bank iMobile app is 8241. Do not share this code.,True,FINANCIAL_LOGIN_OTP,synthetic_auto,synthetic_auto,False,
synthetic_f5008685,Your KYC eSign OTP for ICICI Bank is 8914. Do not share this code.,True,KYC_OR_ESIGN_OTP,synthetic_auto,synthetic_auto,False,
synthetic_fb5431b2,Your UPI PIN change OTP for ICICI Bank is 8243. Do not share this code.,True,UPI_TXN_OR_PIN_OTP,synthetic_auto,synthetic_auto,False,
synthetic_89a3a4e5,Your OTP for updating phone number in PhonePe app is 8241. Do not share this code.,True,APP_ACCOUNT_CHANGE_OTP,synthetic_auto,synthetic_auto,False,
synthetic_2ba50cdb,Your login OTP for ICICI Bank iMobile is 8241. Do not share this code.,True,FINANCIAL_LOGIN_OTP,synthetic_auto,synthetic_auto,False,
synthetic_713a4d5e,Your KYC eSign OTP for ICICI Bank is 8912. Do not share this code.,True,KYC_OR_ESIGN_OTP,synthetic_auto,synthetic_auto,False,
synthetic_4abbe17b,Your OTP for UPI transaction with ICICI Bank is 8294. Do not share this code.,True,UPI_TXN_OR_PIN_OTP,synthetic_auto,synthetic_auto,False,
synthetic_30a960a7,Your OTP for updating profile password in Paytm is 6184. Do not share this code.,True,APP_ACCOUNT_CHANGE_OTP,synthetic_auto,synthetic_auto,False,
synthetic_8b0f8bec,Your login OTP for ICICI Bank iMobile app is 6184. Do not share this code.,True,FINANCIAL_LOGIN_OTP,synthetic_auto,synthetic_auto,False,
synthetic_662a7c04,Your KYC eSign OTP for ICICI Bank is 6184. Do not share this code.,True,KYC_OR_ESIGN_OTP,synthetic_auto,synthetic_auto,False,
synthetic_5100eb2d,Your UPI transaction OTP for ICICI Bank is 6183. Do not share this code.,True,UPI_TXN_OR_PIN_OTP,synthetic_auto,synthetic_auto,False,
synthetic_5bae1b4d,Your OTP for changing profile password in Paytm is 6184. Do not share this code.,True,APP_ACCOUNT_CHANGE_OTP,synthetic_auto,synthetic_auto,False,
synthetic_8bc329ea,Your login OTP for Axis Bank NetBanking is 4729. Do not share this code.,True,FINANCIAL_LOGIN_OTP,synthetic_auto,synthetic_auto,False,
synthetic_f1ed405c,Your OTP for completing KYC with Axis Bank is 9723. Do not share this code.,True,KYC_OR_ESIGN_OTP,synthetic_auto,synthetic_auto,False,
synthetic_838dc92c,Your UPI transaction OTP for Axis Bank is 4729. Do not share this code.,True,UPI_TXN_OR_PIN_OTP,synthetic_auto,synthetic_auto,False,
synthetic_cad4c4aa,Your OTP for changing profile password in Paytm is 4729. Do not share this code.,True,APP_ACCOUNT_CHANGE_OTP,synthetic_auto,synthetic_auto,False,
synthetic_4593a818,Your OTP for SBI YONO login is 3851. Do not share this code.,True,FINANCIAL_LOGIN_OTP,synthetic_auto,synthetic_auto,False,
synthetic_5106af62,Your OTP for completing KYC eSign with State Bank of India is 3852. Do not share this code.,True,KYC_OR_ESIGN_OTP,synthetic_auto,synthetic_auto,False,
synthetic_fb62d6a6,Your UPI transaction OTP for SBI YONO is 3852. Do not share this code.,True,UPI_TXN_OR_PIN_OTP,synthetic_auto,synthetic_auto,False,
synthetic_79a3e8f2,Your OTP for changing profile password in Paytm is 3852. Do not share this code.,True,APP_ACCOUNT_CHANGE_OTP,synthetic_auto,synthetic_auto,False,
synthetic_f1dc148f,Your OTP for SBI YONO login is 3852. Do not share this code.,True,FINANCIAL_LOGIN_OTP,synthetic_auto,synthetic_auto,False,
synthetic_de334291,Your KYC eSign OTP for Kotak Mahindra Bank is 3852. Do not share this code.,True,KYC_OR_ESIGN_OTP,synthetic_auto,synthetic_auto,False,
synthetic_ac81a2ef,Your OTP for UPI transaction on Paytm is 3851. Do not share this code.,True,UPI_TXN_OR_PIN_OTP,synthetic_auto,synthetic_auto,False,
synthetic_1f433b75,Your OTP for updating profile password in Paytm is 3852. Do not share this code.,True,APP_ACCOUNT_CHANGE_OTP,synthetic_auto,synthetic_auto,False,
synthetic_7569c5dc,Your OTP for HDFC Bank NetBanking login is 7294. Do not share this code.,True,FINANCIAL_LOGIN_OTP,synthetic_auto,synthetic_auto,False,
synthetic_7403496e,Your OTP for completing KYC on Paytm is 7261. Do not share this code.,True,KYC_OR_ESIGN_OTP,synthetic_auto,synthetic_auto,False,
synthetic_c81c7f4a,Your OTP for UPI transaction on Paytm is 7261. Do not share this code.,True,UPI_TXN_OR_PIN_OTP,synthetic_auto,synthetic_auto,False,
synthetic_f09676ff,Your OTP for changing profile password in Paytm is 7264. Do not share this code.,True,APP_ACCOUNT_CHANGE_OTP,synthetic_auto,synthetic_auto,False,
synthetic_c41e3d35,Your OTP for Paytm Payments Bank login is 5638. Do not share this code.,True,FINANCIAL_LOGIN_OTP,synthetic_auto,synthetic_auto,False,
synthetic_e88e6ef3,Your OTP for completing KYC on Paytm is 5637. Do not share this code.,True,KYC_OR_ESIGN_OTP,synthetic_auto,synthetic_auto,False,
synthetic_60e79673,Your OTP for UPI transaction on Google Pay is 5376. Do not share this code.,True,UPI_TXN_OR_PIN_OTP,synthetic_auto,synthetic_auto,False,
synthetic_38143f33,Your OTP for updating email in Paytm is 5397. Do not share this code.,True,APP_ACCOUNT_CHANGE_OTP,synthetic_auto,synthetic_auto,False,
synthetic_712d42e5,Your Kotak Mahindra Bank login OTP is 8417. Do not share this code.,True,FINANCIAL_LOGIN_OTP,synthetic_auto,synthetic_auto,False,
synthetic_b2d59015,Your KYC verification OTP for Kotak Mahindra Bank eSign is 9147. Do not share this code.,True,KYC_OR_ESIGN_OTP,synthetic_auto,synthetic_auto,False,
synthetic_9b21fdf5,Your UPI transaction OTP for PhonePe is 8471. Do not share this code.,True,UPI_TXN_OR_PIN_OTP,synthetic_auto,synthetic_auto,False,
synthetic_cea9115d,Your OTP for updating profile details in PhonePe is 8417. Do not share this code.,True,APP_ACCOUNT_CHANGE_OTP,synthetic_auto,synthetic_auto,False,
synthetic_ae127cd8,Your OTP for Kotak Mahindra Bank login is 8417. Do not share this code.,True,FINANCIAL_LOGIN_OTP,synthetic_auto,synthetic_auto,False,
synthetic_7e2b8386,Your OTP for completing KYC on PhonePe is 8471. Do not share this code.,True,KYC_OR_ESIGN_OTP,synthetic_auto,synthetic_auto,False,
synthetic_18ce66ea,Your UPI PIN change OTP for ICICI Bank is 6194. Do not share this code.,True,UPI_TXN_OR_PIN_OTP,synthetic_auto,synthetic_auto,False,
synthetic_42c1bfa8,Your OTP for updating email in MyJio app is 6194. Do not share this code.,True,APP_ACCOUNT_CHANGE_OTP,synthetic_auto,synthetic_auto,False,
synthetic_17cb267d,ICICI Bank: Your OTP for iMobile login is 6194. Do not share this code.,True,FINANCIAL_LOGIN_OTP,synthetic_auto,synthetic_auto,False,
synthetic_23bf2322,Your OTP for completing KYC with ICICI Bank is 6194. Do not share this code.,True,KYC_OR_ESIGN_OTP,synthetic_auto,synthetic_auto,False,
synthetic_869a864f,Your UPI transaction OTP for ICICI Bank is 6193. Do not share this code.,True,UPI_TXN_OR_PIN_OTP,synthetic_auto,synthetic_auto,False,
synthetic_6b4ac755,Your OTP for updating profile email in MyJio app is 6184. Do not share this code.,True,APP_ACCOUNT_CHANGE_OTP,synthetic_auto,synthetic_auto,False,
synthetic_f11d9da1,Your ICICI iMobile login OTP is 6194. Do not share this code.,True,FINANCIAL_LOGIN_OTP,synthetic_auto,synthetic_auto,False,
synthetic_0ad7324d,Your OTP for completing eSign with Axis Bank is 4829. Do not share this code.,True,KYC_OR_ESIGN_OTP,synthetic_auto,synthetic_auto,False,
synthetic_09023b01,Your OTP for UPI transaction on Google Pay is 4927. Do not share this code.,True,UPI_TXN_OR_PIN_OTP,synthetic_auto,synthetic_auto,False,
synthetic_aaeffb46,Your OTP for updating your profile email in MyJio app is 4927. Do not share this code.,True,APP_ACCOUNT_CHANGE_OTP,synthetic_auto,synthetic_auto,False,
synthetic_f9ed7b14,Your OTP for Axis Mobile login is 4829. Do not share this code.,True,FINANCIAL_LOGIN_OTP,synthetic_auto,synthetic_auto,False,
synthetic_2976111e,Your OTP for completing KYC verification with Axis Bank is 4829. Do not share this code.,True,KYC_OR_ESIGN_OTP,synthetic_auto,synthetic_auto,False,
synthetic_d30c741e,Your UPI transaction OTP for Google Pay is 4927. Do not share this code.,True,UPI_TXN_OR_PIN_OTP,synthetic_auto,synthetic_auto,False,
synthetic_df01194e,Your OTP for updating your email address in MyJio app is 4829. Do not share this code.,True,APP_ACCOUNT_CHANGE_OTP,synthetic_auto,synthetic_auto,False,
synthetic_5c7eb4be,Your OTP for Kotak Mahindra Bank login is 3857. Do not share this code.,True,FINANCIAL_LOGIN_OTP,synthetic_auto,synthetic_auto,False,
synthetic_b31f149b,Your OTP for completing eSign with Kotak Mahindra Bank is 3857. Do not share this code.,True,KYC_OR_ESIGN_OTP,synthetic_auto,synthetic_auto,False,
synthetic_4a936ab4,Your UPI transaction OTP for Google Pay is 3857. Do not share this code.,True,UPI_TXN_OR_PIN_OTP,synthetic_auto,synthetic_auto,False,
synthetic_d53209c9,Your OTP for updating your email address in MyJio app is 3857. Do not share this code.,True,APP_ACCOUNT_CHANGE_OTP,synthetic_auto,synthetic_auto,False,
synthetic_de8a3d1b,Your OTP for SBI YONO login is 3857. Do not share this code.,True,FINANCIAL_LOGIN_OTP,synthetic_auto,synthetic_auto,False,
synthetic_4070dad9,Your OTP for completing eSign with Kotak Mahindra Bank is 3851. Do not share this code.,True,KYC_OR_ESIGN_OTP,synthetic_auto,synthetic_auto,False,
synthetic_457e51e0,Your OTP for UPI transaction on Google Pay is 3857. Do not share this code.,True,UPI_TXN_OR_PIN_OTP,synthetic_auto,synthetic_auto,False,
synthetic_5465e658,Your OTP for updating your email in the MyJio app is 3857. Do not share this code.,True,APP_ACCOUNT_CHANGE_OTP,synthetic_auto,synthetic_auto,False,
synthetic_89580886,Your HDFC Bank NetBanking login OTP is 729165. Do not share this code.,True,FINANCIAL_LOGIN_OTP,synthetic_auto,synthetic_auto,False,
synthetic_f9c2b99b,Your OTP for eSign document verification with HDFC Bank is 7295. Do not share this code.,True,KYC_OR_ESIGN_OTP,synthetic_auto,synthetic_auto,False,
synthetic_d7ff7ca3,Your OTP for UPI PIN change on HDFC Bank is 7295. Do not share this code.,True,UPI_TXN_OR_PIN_OTP,synthetic_auto,synthetic_auto,False,
synthetic_042774a5,Your OTP for updating your profile email in Google Pay is 7294. Do not share this code.,True,APP_ACCOUNT_CHANGE_OTP,synthetic_auto,synthetic_auto,False,
synthetic_1aaa2f39,Your HDFC Bank NetBanking login OTP is 7296. Do not share this code.,True,FINANCIAL_LOGIN_OTP,synthetic_auto,synthetic_auto,False,
synthetic_12043e11,Your OTP for eSign document with HDFC Bank is 7296. Do not share this code.,True,KYC_OR_ESIGN_OTP,synthetic_auto,synthetic_auto,False,
synthetic_d2ca5495,Your OTP for UPI transaction on HDFC Bank is 7296. Do not share this code.,True,UPI_TXN_OR_PIN_OTP,synthetic_auto,synthetic_auto,False,
synthetic_f51caa60,Your OTP for updating profile details in HDFC Bank app is 7294. Do not share this code.,True,APP_ACCOUNT_CHANGE_OTP,synthetic_auto,synthetic_auto,False,
synthetic_c78dff31,Your Kotak Mahindra Bank NetBanking login OTP is 56382. Do not share this code.,True,FINANCIAL_LOGIN_OTP,synthetic_auto,synthetic_auto,False,
synthetic_85d51b8e,Your OTP for eSign document with Kotak Mahindra Bank is 5308. Do not share this code.,True,KYC_OR_ESIGN_OTP,synthetic_auto,synthetic_auto,False,
synthetic_ab41c9c5,Your OTP for UPI transaction on Paytm is 5632. Do not share this code.,True,UPI_TXN_OR_PIN_OTP,synthetic_auto,synthetic_auto,False,
synthetic_202f714e,Your OTP for updating profile details in Paytm is 56382. Do not share this code.,True,APP_ACCOUNT_CHANGE_OTP,synthetic_auto,synthetic_auto,False,
synthetic_bcb229ea,Your Kotak Mahindra Bank login OTP is 5632. Do not share this code.,True,FINANCIAL_LOGIN_OTP,synthetic_auto,synthetic_auto,False,
synthetic_77e29b60,Your OTP for eSign document verification with Kotak Mahindra Bank is 5308. Do not share this code.,True,KYC_OR_ESIGN_OTP,synthetic_auto,synthetic_auto,False,
synthetic_9aacf8c4,Your OTP for UPI PIN change on PhonePe is 8471. Do not share this code.,True,UPI_TXN_OR_PIN_OTP,synthetic_auto,synthetic_auto,False,
synthetic_c7ecad6b,Your OTP for updating phone number in PhonePe is 8472. Do not share this code.,True,APP_ACCOUNT_CHANGE_OTP,synthetic_auto,synthetic_auto,False,
synthetic_b1fd479a,Your Kotak Mahindra Bank NetBanking login OTP is 8471. Do not share this code.,True,FINANCIAL_LOGIN_OTP,synthetic_auto,synthetic_auto,False,
synthetic_b692df94,Your OTP for eSigning documents with Kotak Mahindra Bank is 8473. Do not share this code.,True,KYC_OR_ESIGN_OTP,synthetic_auto,synthetic_auto,False,
synthetic_28503b7e,Your OTP for setting UPI PIN on PhonePe is 8471. Do not share this code.,True,UPI_TXN_OR_PIN_OTP,synthetic_auto,synthetic_auto,False,
synthetic_a4d5f42a,Your OTP for updating email address in MyJio app is 6194. Do not share this code.,True,APP_ACCOUNT_CHANGE_OTP,synthetic_auto,synthetic_auto,False,
synthetic_5ed602dd,Your OTP for ICICI iMobile login is 6194. Do not share this code.,True,FINANCIAL_LOGIN_OTP,synthetic_auto,synthetic_auto,False,
synthetic_ed178042,Your KYC verification OTP for ICICI Bank eSign is 6148. Do not share this code.,True,KYC_OR_ESIGN_OTP,synthetic_auto,synthetic_auto,False,
synthetic_ab43b6f6,Your OTP for UPI PIN change on Google Pay is 6194. Do not share this code.,True,UPI_TXN_OR_PIN_OTP,synthetic_auto,synthetic_auto,False,
synthetic_47162338,Your OTP for updating profile email in ICICI iMobile app is 6194. Do not share this code.,True,APP_ACCOUNT_CHANGE_OTP,synthetic_auto,synthetic_auto,False,
synthetic_920701f7,ICICI Bank: Your OTP for accessing iMobile app is 6194. Do not share this code.,True,FINANCIAL_LOGIN_OTP,synthetic_auto,synthetic_auto,False,
synthetic_007c4b2b,Your KYC verification OTP for ICICI iMobile is 6194. Do not share this code.,True,KYC_OR_ESIGN_OTP,synthetic_auto,synthetic_auto,False,
synthetic_b49a67ba,Your OTP for UPI transaction on Google Pay is 6194. Do not share this code.,True,UPI_TXN_OR_PIN_OTP,synthetic_auto,synthetic_auto,False,
synthetic_7a1df16e,Your OTP for updating profile details in CRED app is 4829. Do not share this code.,True,APP_ACCOUNT_CHANGE_OTP,synthetic_auto,synthetic_auto,False,
synthetic_017b6c21,Your OTP for ICICI iMobile login is 4287. Do not share this code.,True,FINANCIAL_LOGIN_OTP,synthetic_auto,synthetic_auto,False,
synthetic_31fb2f4f,Your OTP for completing KYC on ICICI iMobile is 4829. Do not share this code.,True,KYC_OR_ESIGN_OTP,synthetic_auto,synthetic_auto,False,
synthetic_b850e848,Your OTP for UPI transaction on Google Pay is 4829. Do not share this code.,True,UPI_TXN_OR_PIN_OTP,synthetic_auto,synthetic_auto,False,
synthetic_2dca5aeb,Your OTP for changing password in Amazon India app is 3857. Do not share this code.,True,APP_ACCOUNT_CHANGE_OTP,synthetic_auto,synthetic_auto,False,
synthetic_2a721c04,Your Kotak Mahindra Bank OTP for secure login is 3851. Do not share this code.,True,FINANCIAL_LOGIN_OTP,synthetic_auto,synthetic_auto,False,
synthetic_85c527df,Your OTP for e-KYC verification on Kotak Mahindra Bank is 3851. Do not share this code.,True,KYC_OR_ESIGN_OTP,synthetic_auto,synthetic_auto,False,
synthetic_e3caa6f0,Your UPI PIN change OTP for BHIM app is 3851. Do not share this code.,True,UPI_TXN_OR_PIN_OTP,synthetic_auto,synthetic_auto,False,
synthetic_0ee057c9,Your OTP for changing password in Amazon India app is 3851. Do not share this code.,True,APP_ACCOUNT_CHANGE_OTP,synthetic_auto,synthetic_auto,False,
synthetic_9423a554,Your OTP for logging into your HDFC Bank NetBanking is 7294. Do not share this code.,True,FINANCIAL_LOGIN_OTP,synthetic_auto,synthetic_auto,False,
synthetic_c2590661,Your OTP for completing KYC verification on Groww is 7296. Do not share this code.,True,KYC_OR_ESIGN_OTP,synthetic_auto,synthetic_auto,False,
synthetic_3954624e,Your OTP for UPI payment on BHIM app is 7294. Do not share this code.,True,UPI_TXN_OR_PIN_OTP,synthetic_auto,synthetic_auto,False,
synthetic_2124af06,Your OTP for changing password in Amazon India app is 7295. Do not share this code.,True,APP_ACCOUNT_CHANGE_OTP,synthetic_auto,synthetic_auto,False,
synthetic_d44b3fad,Your OTP for ICICI Bank iMobile login is 5628. Do not share this code.,True,FINANCIAL_LOGIN_OTP,synthetic_auto,synthetic_auto,False,
synthetic_6c518bdf,Your OTP for completing KYC verification with Paytm Payments Bank is 56381. Do not share this code.,True,KYC_OR_ESIGN_OTP,synthetic_auto,synthetic_auto,False,
synthetic_513f7224,Your OTP for UPI transaction on Paytm is 5638. Do not share this code.,True,UPI_TXN_OR_PIN_OTP,synthetic_auto,synthetic_auto,False,
synthetic_705a73e7,Your OTP for changing email ID in Paytm is 7361. Do not share this code.,True,APP_ACCOUNT_CHANGE_OTP,synthetic_auto,synthetic_auto,False,
synthetic_976d32ea,Your OTP for Axis Bank mobile banking login is 8473. Do not share this code.,True,FINANCIAL_LOGIN_OTP,synthetic_auto,synthetic_auto,False,
synthetic_3d82396c,Your OTP for completing KYC on PhonePe is 8473. Do not share this code.,True,KYC_OR_ESIGN_OTP,synthetic_auto,synthetic_auto,False,
synthetic_30b8a5c4,Your OTP for UPI transaction on PhonePe is 8473. Do not share this code.,True,UPI_TXN_OR_PIN_OTP,synthetic_auto,synthetic_auto,False,
synthetic_660ae3ed,Your OTP for updating phone number in PhonePe is 8375. Do not share this code.,True,APP_ACCOUNT_CHANGE_OTP,synthetic_auto,synthetic_auto,False,
synthetic_e122d1d9,Your OTP for Paytm Payments Bank login is 8473. Do not share this code.,True,FINANCIAL_LOGIN_OTP,synthetic_auto,synthetic_auto,False,
synthetic_f48e3ba2,Your OTP for completing KYC verification on PhonePe is 8473. Do not share this code.,True,KYC_OR_ESIGN_OTP,synthetic_auto,synthetic_auto,False,
synthetic_f282a684,Your OTP for UPI transaction on Paytm is 6194. Do not share this code.,True,UPI_TXN_OR_PIN_OTP,synthetic_auto,synthetic_auto,False,
synthetic_e4cc4a17,Your OTP for updating your email address in Paytm is 6194. Do not share this code.,True,APP_ACCOUNT_CHANGE_OTP,synthetic_auto,synthetic_auto,False,
synthetic_a54f3cca,Your OTP for SBI YONO login is 6194. Do not share this code.,True,FINANCIAL_LOGIN_OTP,synthetic_auto,synthetic_auto,False,
synthetic_56e73afc,Your OTP for completing KYC on Paytm is 6194. Do not share this code.,True,KYC_OR_ESIGN_OTP,synthetic_auto,synthetic_auto,False,
synthetic_95ceaebd,Your OTP for UPI transaction on Paytm is 4829. Do not share this code.,True,UPI_TXN_OR_PIN_OTP,synthetic_auto,synthetic_auto,False,
synthetic_179a9eb1,Your OTP for updating profile email in Paytm is 4829. Do not share this code.,True,APP_ACCOUNT_CHANGE_OTP,synthetic_auto,synthetic_auto,False,
synthetic_9f7e0680,Your OTP for Axis Bank NetBanking login is 4927. Do not share this code.,True,FINANCIAL_LOGIN_OTP,synthetic_auto,synthetic_auto,False,
synthetic_3dfc6925,Your OTP for completing KYC with Axis Bank is 4829. Do not share this code.,True,KYC_OR_ESIGN_OTP,synthetic_auto,synthetic_auto,False,
synthetic_54a2a5c7,Your UPI PIN change OTP for Axis Bank is 4927. Do not share this code.,True,UPI_TXN_OR_PIN_OTP,synthetic_auto,synthetic_auto,False,
synthetic_7fd428d7,Your OTP for updating email in MyJio app is 4926. Do not share this code.,True,APP_ACCOUNT_CHANGE_OTP,synthetic_auto,synthetic_auto,False,
synthetic_97aa998a,Your OTP for Axis Bank NetBanking login is 4892. Do not share this code.,True,FINANCIAL_LOGIN_OTP,synthetic_auto,synthetic_auto,False,
synthetic_8d8ca794,Your OTP for completing KYC on Paytm is 7392. Do not share this code.,True,KYC_OR_ESIGN_OTP,synthetic_auto,synthetic_auto,False,
synthetic_670db6c9,Your OTP for UPI payment on Paytm is 4829. Do not share this code.,True,UPI_TXN_OR_PIN_OTP,synthetic_auto,synthetic_auto,False,
synthetic_2c2aa8fc,Your OTP for changing phone number in Amazon account is 3857. Do not share this code.,True,APP_ACCOUNT_CHANGE_OTP,synthetic_auto,synthetic_auto,False,
synthetic_6867af2b,Your OTP for Axis Bank mobile banking login is 3851. Do not share this code.,True,FINANCIAL_LOGIN_OTP,synthetic_auto,synthetic_auto,False,
synthetic_381821fa,Your OTP for completing KYC on Kotak Mahindra Bank is 3857. Do not share this code.,True,KYC_OR_ESIGN_OTP,synthetic_auto,synthetic_auto,False,
synthetic_f607df65,Your OTP for UPI transaction on BHIM is 3851. Do not share this code.,True,UPI_TXN_OR_PIN_OTP,synthetic_auto,synthetic_auto,False,
synthetic_ca2d726a,Your OTP for updating phone number in Amazon is 3857. Do not share this code.,True,APP_ACCOUNT_CHANGE_OTP,synthetic_auto,synthetic_auto,False,
synthetic_f2e81e1d,Your OTP for HDFC Bank NetBanking login is 7296. Do not share this code.,True,FINANCIAL_LOGIN_OTP,synthetic_auto,synthetic_auto,False,
synthetic_a82814e8,Your OTP for completing KYC on HDFC Bank is 7291. Do not share this code.,True,KYC_OR_ESIGN_OTP,synthetic_auto,synthetic_auto,False,
synthetic_4a5d9b80,Your OTP for UPI transaction on BHIM app is 7392. Do not share this code.,True,UPI_TXN_OR_PIN_OTP,synthetic_auto,synthetic_auto,False,
synthetic_8a4adfdf,Your OTP for updating phone number in MyJio app is 7295. Do not share this code.,True,APP_ACCOUNT_CHANGE_OTP,synthetic_auto,synthetic_auto,False,
synthetic_7ce30b62,Your OTP for Amazon India login is 7291. Do not share this code.,True,APP_LOGIN_OTP,synthetic_auto,synthetic_auto,False,
synthetic_d4a4c052,Your OTP for SBI YONO login is 8473. Do not share this code.,True,FINANCIAL_LOGIN_OTP,synthetic_auto,synthetic_auto,False,
synthetic_6de72fed,Your OTP for verifying your action on MyJio is 7294. Do not share this code.,True,GENERIC_APP_ACTION_OTP,synthetic_auto,synthetic_auto,False,
synthetic_7fd9bc7b,Your KYC verification OTP for HDFC Bank is 7294. Do not share this code.,True,KYC_OR_ESIGN_OTP,synthetic_auto,synthetic_auto,False,
synthetic_727a5b73,Your UPI transaction OTP is 7294. Do not share this code with anyone. - HDFC Bank,True,UPI_TXN_OR_PIN_OTP,synthetic_auto,synthetic_auto,False,
synthetic_2f909fca,Your OTP for updating your PhonePe account profile is 7428. Do not share this code.,True,APP_ACCOUNT_CHANGE_OTP,synthetic_auto,synthetic_auto,False,
synthetic_6c8b4f53,Your OTP for Paytm login is 7429. Do not share this code with anyone.,True,APP_LOGIN_OTP,synthetic_auto,synthetic_auto,False,
synthetic_a4093f45,Your HDFC Bank login OTP is 7845. Do not share this code.,True,FINANCIAL_LOGIN_OTP,synthetic_auto,synthetic_auto,False,
synthetic_f3377d37,Your OTP for verifying your action on MyJio is 7392. Do not share this code.,True,GENERIC_APP_ACTION_OTP,synthetic_auto,synthetic_auto,False,
synthetic_f61e5e25,Your KYC verification OTP for HDFC Bank is 7429. Do not share this code.,True,KYC_OR_ESIGN_OTP,synthetic_auto,synthetic_auto,False,
synthetic_9c9bf2a2,Your UPI payment OTP for ICICI Bank is 3957. Do not share this code.,True,UPI_TXN_OR_PIN_OTP,synthetic_auto,synthetic_auto,False,
synthetic_ae80c8d7,Your OTP for updating your profile email in Myntra is 5298. Do not share this code with anyone.,True,APP_ACCOUNT_CHANGE_OTP,synthetic_auto,synthetic_auto,False,
synthetic_c9a7ec26,Your OTP for PhonePe login is 5297. Do not share this code with anyone.,True,APP_LOGIN_OTP,synthetic_auto,synthetic_auto,False,
synthetic_8201c00a,Your ICICI Bank login OTP is 3957. Do not share this code.,True,FINANCIAL_LOGIN_OTP,synthetic_auto,synthetic_auto,False,
synthetic_6a9040d8,Your Swiggy order verification code is 5397. Do not share this code with anyone.,True,GENERIC_APP_ACTION_OTP,synthetic_auto,synthetic_auto,False,
synthetic_2c379d2b,Your eSign OTP for PAN verification with Axis Bank is 8261. Do not share this code.,True,KYC_OR_ESIGN_OTP,synthetic_auto,synthetic_auto,False,
synthetic_bf5263a8,Your UPI payment OTP for Axis Bank is 6284. Do not share this code with anyone.,True,UPI_TXN_OR_PIN_OTP,synthetic_auto,synthetic_auto,False,
synthetic_3da760b5,Your OTP for updating profile details in PhonePe is 6284. Do not share this code with anyone.,True,APP_ACCOUNT_CHANGE_OTP,synthetic_auto,synthetic_auto,False,
synthetic_a7082853,Your OTP for Paytm login is 6184. Do not share this code with anyone.,True,APP_LOGIN_OTP,synthetic_auto,synthetic_auto,False,
synthetic_03db70cb,Your login OTP for Axis Bank NetBanking is 628491. Do not share this code.,True,FINANCIAL_LOGIN_OTP,synthetic_auto,synthetic_auto,False,
synthetic_857cbac0,Your OTP for submitting feedback on Zomato is 8247. Do not share this code.,True,GENERIC_APP_ACTION_OTP,synthetic_auto,synthetic_auto,False,
synthetic_d30efab1,Your KYC verification OTP for HDFC Bank is 7842. Do not share this code.,True,KYC_OR_ESIGN_OTP,synthetic_auto,synthetic_auto,False,
synthetic_66b88b13,Your UPI transaction OTP is 7845. Do not share this code with anyone.,True,UPI_TXN_OR_PIN_OTP,synthetic_auto,synthetic_auto,False,
synthetic_92b8399e,Your OTP for updating profile email in Myntra is 5832. Do not share this code.,True,APP_ACCOUNT_CHANGE_OTP,synthetic_auto,synthetic_auto,False,
synthetic_8c401ac7,Your OTP for Paytm login is 7429. Do not share this code.,True,APP_LOGIN_OTP,synthetic_auto,synthetic_auto,False,
synthetic_a3dfc8b4,Your SBI YONO login OTP is 7294. Do not share this code.,True,FINANCIAL_LOGIN_OTP,synthetic_auto,synthetic_auto,False,
synthetic_b39f88a9,Your OTP for confirming your Swiggy Instamart subscription cancellation is 3975. Do not share this code.,True,GENERIC_APP_ACTION_OTP,synthetic_auto,synthetic_auto,False,
synthetic_20bb571d,Your OTP for eSign of PAN-Aadhaar linking with ICICI Bank is 5297. Do not share this code.,True,KYC_OR_ESIGN_OTP,synthetic_auto,synthetic_auto,False,
synthetic_063a1a22,Your UPI transaction OTP for ICICI Bank is 5297. Do not share this code.,True,UPI_TXN_OR_PIN_OTP,synthetic_auto,synthetic_auto,False,
synthetic_9c633a07,Your OTP for updating your profile email in PhonePe is 5297. Do not share this code.,True,APP_ACCOUNT_CHANGE_OTP,synthetic_auto,synthetic_auto,False,
synthetic_d20c8d96,Your OTP for Paytm login is 5397. Do not share this code.,True,APP_LOGIN_OTP,synthetic_auto,synthetic_auto,False,
synthetic_e10c3913,Your SBI YONO login OTP is 5397. Do not share this code.,True,FINANCIAL_LOGIN_OTP,synthetic_auto,synthetic_auto,False,
synthetic_5c9afd54,Your OTP for confirming your Flipkart SmartBasket order merge is 8642. Do not share this code.,True,GENERIC_APP_ACTION_OTP,synthetic_auto,synthetic_auto,False,
synthetic_8ca6e5c2,Your Aadhaar eSign OTP for ICICI Bank is 5397. Do not share this code.,True,KYC_OR_ESIGN_OTP,synthetic_auto,synthetic_auto,False,
synthetic_360d6412,Your UPI transaction OTP for ICICI Bank is 5397. Do not share this code.,True,UPI_TXN_OR_PIN_OTP,synthetic_auto,synthetic_auto,False,
synthetic_ac4f70ff,Your OTP for updating profile settings in PhonePe is 5397. Do not share this code.,True,APP_ACCOUNT_CHANGE_OTP,synthetic_auto,synthetic_auto,False,
synthetic_48f8dab5,Your OTP for PhonePe login is 5298. Do not share this code with anyone.,True,APP_LOGIN_OTP,synthetic_auto,synthetic_auto,False,
synthetic_4e256816,Your SBI YONO login OTP is 5927. Do not share this code.,True,FINANCIAL_LOGIN_OTP,synthetic_auto,synthetic_auto,False,
synthetic_78649a36,Your OTP for submitting feedback on Zomato is 3759. Do not share this code.,True,GENERIC_APP_ACTION_OTP,synthetic_auto,synthetic_auto,False,
synthetic_2fdd106c,Your eSign OTP for PAN linking with ICICI Bank is 5397. Do not share this code.,True,KYC_OR_ESIGN_OTP,synthetic_auto,synthetic_auto,False,
synthetic_32822741,OTP for adding new beneficiary via UPI on Axis Bank is 6284. Do not share this code.,True,UPI_TXN_OR_PIN_OTP,synthetic_auto,synthetic_auto,False,
synthetic_395cfc9b,Your OTP for updating profile email in PhonePe is 6184. Do not share this code.,True,APP_ACCOUNT_CHANGE_OTP,synthetic_auto,synthetic_auto,False,
synthetic_65c6fbd6,Your OTP for logging into PhonePe is 8261. Do not share this code.,True,APP_LOGIN_OTP,synthetic_auto,synthetic_auto,False,
synthetic_09a6585f,Your OTP for Axis Bank NetBanking login is 628491. Do not share this code.,True,FINANCIAL_LOGIN_OTP,synthetic_auto,synthetic_auto,False,
synthetic_e36f49f6,Your OTP for resetting filters in Zomato is 4729. Do not share this code.,True,GENERIC_APP_ACTION_OTP,synthetic_auto,synthetic_auto,False,
synthetic_ea40b6f9,Your eSign OTP for PAN linking with SBI YONO is 6295. Do not share this code.,True,KYC_OR_ESIGN_OTP,synthetic_auto,synthetic_auto,False,
synthetic_eef0bab2,Your OTP for adding a new beneficiary via UPI on Axis Bank is 6184. Do not share this code.,True,UPI_TXN_OR_PIN_OTP,synthetic_auto,synthetic_auto,False,
synthetic_925f171d,Your OTP for updating profile email in Paytm is 6295. Do not share this code.,True,APP_ACCOUNT_CHANGE_OTP,synthetic_auto,synthetic_auto,False,
synthetic_91bc911b,Your OTP for logging into Paytm is 6184. Do not share this code.,True,APP_LOGIN_OTP,synthetic_auto,synthetic_auto,False,
synthetic_80d36f9f,Your OTP for Axis Bank NetBanking login is 618495. Do not share this code.,True,FINANCIAL_LOGIN_OTP,synthetic_auto,synthetic_auto,False,
synthetic_68ec7e01,Your OTP for resetting filters on Zomato is 4729. Do not share this code.,True,GENERIC_APP_ACTION_OTP,synthetic_auto,synthetic_auto,False,
synthetic_e44276eb,Your eSign OTP for PAN-Aadhaar linking with SBI is 628491. Do not share this code.,True,KYC_OR_ESIGN_OTP,synthetic_auto,synthetic_auto,False,
synthetic_2c8149ac,Your OTP for adding a new beneficiary via UPI on Axis Bank is 6183. Do not share this code.,True,UPI_TXN_OR_PIN_OTP,synthetic_auto,synthetic_auto,False,
synthetic_b6fcab57,Your OTP for updating profile email in MyJio app is 628491. Do not share this code.,True,APP_ACCOUNT_CHANGE_OTP,synthetic_auto,synthetic_auto,False,
synthetic_9a210816,Your OTP for logging into PhonePe is 8265. Do not share this code.,True,APP_LOGIN_OTP,synthetic_auto,synthetic_auto,False,
synthetic_34560230,Your OTP for SBI YONO login is 826415. Do not share this code.,True,FINANCIAL_LOGIN_OTP,synthetic_auto,synthetic_auto,False,
synthetic_8d43a292,Your OTP for enabling dark mode in Paytm is 8261. Do not share this code.,True,GENERIC_APP_ACTION_OTP,synthetic_auto,synthetic_auto,False,
synthetic_98064e84,Your eSign OTP for PAN-Aadhaar linking with SBI is 6184. Do not share this code.,True,KYC_OR_ESIGN_OTP,synthetic_auto,synthetic_auto,False,
synthetic_2063cc30,Your UPI PIN change OTP for Axis Bank UPI is 8261. Do not share this code.,True,UPI_TXN_OR_PIN_OTP,synthetic_auto,synthetic_auto,False,
synthetic_78a9bb44,Your OTP for updating profile email in Paytm is 8264. Do not share this code.,True,APP_ACCOUNT_CHANGE_OTP,synthetic_auto,synthetic_auto,False,
synthetic_7c36ddae,Your OTP for logging into Paytm is 8261. Do not share this code.,True,APP_LOGIN_OTP,synthetic_auto,synthetic_auto,False,
synthetic_6468e2b3,Your OTP for SBI YONO login is 619485. Do not share this code.,True,FINANCIAL_LOGIN_OTP,synthetic_auto,synthetic_auto,False,
synthetic_4f4ba45a,Your OTP for resetting your Zomato delivery preferences is 4815. Do not share this code.,True,GENERIC_APP_ACTION_OTP,synthetic_auto,synthetic_auto,False,
synthetic_b5d9a670,Your KYC verification OTP for Aadhaar linking with HDFC Bank is 7294. Do not share this code.,True,KYC_OR_ESIGN_OTP,synthetic_auto,synthetic_auto,False,
synthetic_a127f2e5,Your UPI transaction OTP is 5832. Do not share this code with anyone.,True,UPI_TXN_OR_PIN_OTP,synthetic_auto,synthetic_auto,False,
synthetic_eea0d3dd,Your OTP for updating profile in MyJio app is 7294. Do not share this code.,True,APP_ACCOUNT_CHANGE_OTP,synthetic_auto,synthetic_auto,False,
synthetic_aae4ce1f,Your OTP for Paytm login is 7845. Do not share this code.,True,APP_LOGIN_OTP,synthetic_auto,synthetic_auto,False,
synthetic_54b5fe0a,Your SBI YONO NetBanking OTP is 729481. Do not share this code with anyone.,True,FINANCIAL_LOGIN_OTP,synthetic_auto,synthetic_auto,False,
synthetic_c9071f2c,Your OTP for resetting your Zomato delivery preferences is 4816. Do not share this code.,True,GENERIC_APP_ACTION_OTP,synthetic_auto,synthetic_auto,False,
synthetic_7f52eb48,Your OTP for Aadhaar eSign document verification with Axis Bank is 6184. Do not share this code.,True,KYC_OR_ESIGN_OTP,synthetic_auto,synthetic_auto,False,
synthetic_72353b85,Your UPI transaction OTP for Axis Bank is 6184. Do not share this code.,True,UPI_TXN_OR_PIN_OTP,synthetic_auto,synthetic_auto,False,
synthetic_bc045863,Your OTP for updating profile details in PhonePe is 6284. Do not share this code.,True,APP_ACCOUNT_CHANGE_OTP,synthetic_auto,synthetic_auto,False,
synthetic_1a1c91cd,Your OTP for logging into Paytm is 6194. Do not share this code.,True,APP_LOGIN_OTP,synthetic_auto,synthetic_auto,False,
synthetic_e0b52ca9,Your OTP for SBI YONO login is 4928. Do not share this code.,True,FINANCIAL_LOGIN_OTP,synthetic_auto,synthetic_auto,False,
synthetic_b9baf906,Your OTP for resetting filters in Zomato app is 3751. Do not share this code.,True,GENERIC_APP_ACTION_OTP,synthetic_auto,synthetic_auto,False,
synthetic_52233a88,Your OTP for Aadhaar eSign on Kotak Mahindra Bank is 6194. Do not share this code.,True,KYC_OR_ESIGN_OTP,synthetic_auto,synthetic_auto,False,
synthetic_31fb2b3b,Your OTP for adding a new beneficiary via UPI on Paytm is 6184. Do not share this code.,True,UPI_TXN_OR_PIN_OTP,synthetic_auto,synthetic_auto,False,
synthetic_f40163c8,Your OTP for updating email address in Paytm is 3857. Do not share this code.,True,APP_ACCOUNT_CHANGE_OTP,synthetic_auto,synthetic_auto,False,
synthetic_ad7cde49,Your OTP for logging into Paytm is 6153. Do not share this code.,True,APP_LOGIN_OTP,synthetic_auto,synthetic_auto,False,
synthetic_1949d4ca,Your OTP for NetBanking login with SBI is 6184. Do not share this code.,True,FINANCIAL_LOGIN_OTP,synthetic_auto,synthetic_auto,False,
synthetic_88842485,Your OTP for updating delivery address on Flipkart is 7293. Do not share this code.,True,GENERIC_APP_ACTION_OTP,synthetic_auto,synthetic_auto,False,
synthetic_a056ed76,Your OTP for eSign document verification with Axis Bank is 6184. Do not share this code.,True,KYC_OR_ESIGN_OTP,synthetic_auto,synthetic_auto,False,
synthetic_8b9c6f87,Your OTP for adding a new beneficiary via UPI on Paytm is 6158. Do not share this code.,True,UPI_TXN_OR_PIN_OTP,synthetic_auto,synthetic_auto,False,
synthetic_120c8633,Your OTP for updating email address in Paytm is 6158. Do not share this code.,True,APP_ACCOUNT_CHANGE_OTP,synthetic_auto,synthetic_auto,False,
synthetic_000c0ecb,Your OTP for logging into Amazon is 3759. Do not share this code.,True,APP_LOGIN_OTP,synthetic_auto,synthetic_auto,False,
synthetic_46b26fc9,Your OTP for accessing Axis Bank NetBanking is 3851. Do not share this code.,True,FINANCIAL_LOGIN_OTP,synthetic_auto,synthetic_auto,False,
synthetic_726ede84,Your OTP for resetting filters on Flipkart is 6284. Do not share this code.,True,GENERIC_APP_ACTION_OTP,synthetic_auto,synthetic_auto,False,
synthetic_0112adfa,Your OTP for Aadhaar eSign with Axis Bank is 3659. Do not share this code.,True,KYC_OR_ESIGN_OTP,synthetic_auto,synthetic_auto,False,
synthetic_9d391f5d,Your OTP for adding a new beneficiary via UPI on BHIM app is 3759. Do not share this code.,True,UPI_TXN_OR_PIN_OTP,synthetic_auto,synthetic_auto,False,
synthetic_be04c4ea,Your OTP for updating profile email in MyJio app is 3759. Do not share this code.,True,APP_ACCOUNT_CHANGE_OTP,synthetic_auto,synthetic_auto,False,
synthetic_68439023,Your OTP for logging into MyJio is 7482. Do not share this code.,True,APP_LOGIN_OTP,synthetic_auto,synthetic_auto,False,
synthetic_d0478926,Your OTP for NetBanking login with HDFC Bank is 7284. Do not share this code.,True,FINANCIAL_LOGIN_OTP,synthetic_auto,synthetic_auto,False,
synthetic_4e112225,Your OTP for resetting your Swiggy delivery preferences is 6193. Do not share this code.,True,GENERIC_APP_ACTION_OTP,synthetic_auto,synthetic_auto,False,
synthetic_38ddaee2,Your OTP for Aadhaar e-KYC verification with HDFC Bank is 7284. Do not share this code.,True,KYC_OR_ESIGN_OTP,synthetic_auto,synthetic_auto,False,
synthetic_abbddf92,Your OTP for adding a new beneficiary via UPI on BHIM is 7482. Do not share this code.,True,UPI_TXN_OR_PIN_OTP,synthetic_auto,synthetic_auto,False,
synthetic_2f9bd0fe,Your OTP for updating profile email in Myntra is 8472. Do not share this code.,True,APP_ACCOUNT_CHANGE_OTP,synthetic_auto,synthetic_auto,False,
synthetic_0b074783,Your OTP for logging into Flipkart is 7283. Do not share this code.,True,APP_LOGIN_OTP,synthetic_auto,synthetic_auto,False,
synthetic_c687edb2,Your OTP for NetBanking login is 7284. Do not share this code.,True,FINANCIAL_LOGIN_OTP,synthetic_auto,synthetic_auto,False,
synthetic_574784ff,Your OTP for verifying your email on Swiggy is 6183. Do not share this code.,True,GENERIC_APP_ACTION_OTP,synthetic_auto,synthetic_auto,False,
synthetic_894a7653,Your OTP for Aadhaar eKYC verification with HDFC Bank is 7284. Do not share this code.,True,KYC_OR_ESIGN_OTP,synthetic_auto,synthetic_auto,False,
synthetic_947c24e6,Your OTP for adding a new beneficiary via UPI on BHIM app is 7482. Do not share this code.,True,UPI_TXN_OR_PIN_OTP,synthetic_auto,synthetic_auto,False,
synthetic_9613adc5,Your OTP for updating profile email in Myntra app is 7284. Do not share this code.,True,APP_ACCOUNT_CHANGE_OTP,synthetic_auto,synthetic_auto,False,
synthetic_c7a97488,Your OTP for logging into Flipkart is 7143. Do not share this code.,True,APP_LOGIN_OTP,synthetic_auto,synthetic_auto,False,
synthetic_9c21b429,Your OTP for YONO SBI NetBanking login is 5397. Do not share this code.,True,FINANCIAL_LOGIN_OTP,synthetic_auto,synthetic_auto,False,
synthetic_f2f3af58,Your OTP for verifying your email on Zomato is 8473. Do not share this code.,True,GENERIC_APP_ACTION_OTP,synthetic_auto,synthetic_auto,False,
synthetic_25d4e81d,Your OTP for eSign of KYC documents with ICICI Bank is 5397. Do not share this code.,True,KYC_OR_ESIGN_OTP,synthetic_auto,synthetic_auto,False,
synthetic_743e97ef,Your OTP for adding a new beneficiary via UPI on BHIM app is 5398. Do not share this code.,True,UPI_TXN_OR_PIN_OTP,synthetic_auto,synthetic_auto,False,
synthetic_dace6a50,Your OTP for updating profile email in Myntra is 5392. Do not share this code.,True,APP_ACCOUNT_CHANGE_OTP,synthetic_auto,synthetic_auto,False,
synthetic_3c6a6c0a,Your OTP for Myntra login is 5392. Do not share this code.,True,APP_LOGIN_OTP,synthetic_auto,synthetic_auto,False,
synthetic_d216b9dd,Your OTP for YONO SBI login is 5397. Do not share this code.,True,FINANCIAL_LOGIN_OTP,synthetic_auto,synthetic_auto,False,
synthetic_db89d701,Your OTP for verifying your email on Flipkart is 8473. Do not share this code.,True,GENERIC_APP_ACTION_OTP,synthetic_auto,synthetic_auto,False,
synthetic_4ab79d36,Your OTP for Aadhaar eSign document verification is 5397. Do not share this code.,True,KYC_OR_ESIGN_OTP,synthetic_auto,synthetic_auto,False,
synthetic_f5ef8486,Your OTP for adding a new beneficiary via UPI on BHIM is 5398. Do not share this code.,True,UPI_TXN_OR_PIN_OTP,synthetic_auto,synthetic_auto,False,
synthetic_2e8db3e5,Your OTP for updating email address on Myntra is 5392. Do not share this code.,True,APP_ACCOUNT_CHANGE_OTP,synthetic_auto,synthetic_auto,False,
synthetic_cd636969,Your OTP for PhonePe login is 8642. Do not share this code.,True,APP_LOGIN_OTP,synthetic_auto,synthetic_auto,False,
synthetic_390e5d03,Your OTP for YONO SBI NetBanking login is 8153. Do not share this code.,True,FINANCIAL_LOGIN_OTP,synthetic_auto,synthetic_auto,False,
synthetic_de4db757,Your OTP for verifying your email on Zomato is 7294. Do not share this code.,True,GENERIC_APP_ACTION_OTP,synthetic_auto,synthetic_auto,False,
synthetic_3239181a,Your OTP for eSign document verification with ICICI Bank is 8361. Do not share this code.,True,KYC_OR_ESIGN_OTP,synthetic_auto,synthetic_auto,False,
synthetic_629d94f0,Your OTP for adding a new beneficiary via UPI on PhonePe is 8361. Do not share this code.,True,UPI_TXN_OR_PIN_OTP,synthetic_auto,synthetic_auto,False,
synthetic_8e2c6b80,Your OTP for updating your profile email on Flipkart is 8614. Do not share this code.,True,APP_ACCOUNT_CHANGE_OTP,synthetic_auto,synthetic_auto,False,
synthetic_aa0afbca,Your OTP for PhonePe login is 8473. Do not share this code.,True,APP_LOGIN_OTP,synthetic_auto,synthetic_auto,False,
synthetic_6cd1cc94,Your OTP for YONO SBI login is 8153. Do not share this code.,True,FINANCIAL_LOGIN_OTP,synthetic_auto,synthetic_auto,False,
synthetic_a1daae05,Your OTP for resetting your password on Zomato is 7493. Do not share this code.,True,GENERIC_APP_ACTION_OTP,synthetic_auto,synthetic_auto,False,
synthetic_3d33ca3f,Your OTP for eSign document verification with ICICI Bank is 8156. Do not share this code.,True,KYC_OR_ESIGN_OTP,synthetic_auto,synthetic_auto,False,
synthetic_07fbc950,Your OTP for UPI transaction on Google Pay is 4729. Do not share this code.,True,UPI_TXN_OR_PIN_OTP,synthetic_auto,synthetic_auto,False,
synthetic_2d9283a8,Your OTP for updating your profile email on Swiggy is 4729. Do not share this code.,True,APP_ACCOUNT_CHANGE_OTP,synthetic_auto,synthetic_auto,False,
synthetic_bef3a640,Your OTP for Flipkart login is 4927. Do not share this code.,True,APP_LOGIN_OTP,synthetic_auto,synthetic_auto,False,
synthetic_094a4312,Your OTP for YONO SBI NetBanking login is 4957. Do not share this code.,True,FINANCIAL_LOGIN_OTP,synthetic_auto,synthetic_auto,False,
synthetic_b717fbb5,Your OTP for confirming your food order on Zomato is 8153. Do not share this code.,True,GENERIC_APP_ACTION_OTP,synthetic_auto,synthetic_auto,False,
synthetic_75ac15cb,Your OTP for completing KYC via eSign on ICICI Bank is 4729. Do not share this code.,True,KYC_OR_ESIGN_OTP,synthetic_auto,synthetic_auto,False,
synthetic_293d5731,Your OTP for UPI PIN change on Paytm is 6184. Do not share this code.,True,UPI_TXN_OR_PIN_OTP,synthetic_auto,synthetic_auto,False,
synthetic_07175a72,Your OTP for updating your profile email in Swiggy is 6148. Do not share this code.,True,APP_ACCOUNT_CHANGE_OTP,synthetic_auto,synthetic_auto,False,
synthetic_353cbd30,Your OTP for Flipkart app login is 6148. Do not share this code.,True,APP_LOGIN_OTP,synthetic_auto,synthetic_auto,False,
synthetic_93f8547f,Your OTP for YONO SBI login is 6148. Do not share this code.,True,FINANCIAL_LOGIN_OTP,synthetic_auto,synthetic_auto,False,
synthetic_225b62d3,Your OTP for resetting your Zomato delivery address is 8472. Do not share this code.,True,GENERIC_APP_ACTION_OTP,synthetic_auto,synthetic_auto,False,
synthetic_5685bc6b,Your OTP for Aadhaar e-KYC verification with ICICI Bank is 6184. Do not share this code.,True,KYC_OR_ESIGN_OTP,synthetic_auto,synthetic_auto,False,
synthetic_fef627c1,OTP 6158 for UPI PIN change on Paytm. Do not share this code.,True,UPI_TXN_OR_PIN_OTP,synthetic_auto,synthetic_auto,False,
synthetic_52a922b7,Your OTP for updating profile email on Flipkart is 6184. Do not share this code.,True,APP_ACCOUNT_CHANGE_OTP,synthetic_auto,synthetic_auto,False,
synthetic_bb476200,Your OTP for Flipkart login is 6148. Do not share this code.,True,APP_LOGIN_OTP,synthetic_auto,synthetic_auto,False,
synthetic_39730ec5,Your OTP for YONO SBI login is 6194. Do not share this code.,True,FINANCIAL_LOGIN_OTP,synthetic_auto,synthetic_auto,False,
synthetic_e66ec223,Your OTP for resetting your Zomato delivery preferences is 8472. Do not share this code.,True,GENERIC_APP_ACTION_OTP,synthetic_auto,synthetic_auto,False,
synthetic_a255f9f4,Your OTP for Aadhaar e-KYC verification with ICICI Bank is 6148. Do not share this code.,True,KYC_OR_ESIGN_OTP,synthetic_auto,synthetic_auto,False,
synthetic_b1f0d67c,Your OTP for UPI PIN setup on BHIM is 3759. Do not share this code.,True,UPI_TXN_OR_PIN_OTP,synthetic_auto,synthetic_auto,False,
synthetic_3836c6f0,Your OTP for updating your profile email on Swiggy is 8473. Do not share this code.,True,APP_ACCOUNT_CHANGE_OTP,synthetic_auto,synthetic_auto,False,
synthetic_566194bb,Your OTP for Swiggy app login is 3857. Do not share this code.,True,APP_LOGIN_OTP,synthetic_auto,synthetic_auto,False,
synthetic_e980657d,Your OTP for YONO SBI login is 3857. Do not share this code.,True,FINANCIAL_LOGIN_OTP,synthetic_auto,synthetic_auto,False,
synthetic_b237cf7c,Your OTP for updating delivery preferences on Zomato is 6293. Do not share this code.,True,GENERIC_APP_ACTION_OTP,synthetic_auto,synthetic_auto,False,
synthetic_c650311e,Your OTP for Aadhaar linking with ICICI Bank is 4759. Do not share this code.,True,KYC_OR_ESIGN_OTP,synthetic_auto,synthetic_auto,False,
synthetic_4adc6f22,Your OTP for UPI transaction on BHIM is 3759. Do not share this code.,True,UPI_TXN_OR_PIN_OTP,synthetic_auto,synthetic_auto,False,
synthetic_ed1ebc67,Your OTP for updating profile email on Swiggy is 4759. Do not share this code.,True,APP_ACCOUNT_CHANGE_OTP,synthetic_auto,synthetic_auto,False,
synthetic_d8d2f5e7,Your OTP for Swiggy app login is 8159. Do not share this code.,True,APP_LOGIN_OTP,synthetic_auto,synthetic_auto,False,
synthetic_ef2c81a5,Your OTP for YONO SBI login is 1947. Do not share this code.,True,FINANCIAL_LOGIN_OTP,synthetic_auto,synthetic_auto,False,
synthetic_0da85399,Your OTP for updating delivery address on BigBasket is 6293. Do not share this code.,True,GENERIC_APP_ACTION_OTP,synthetic_auto,synthetic_auto,False,
synthetic_eb4338e2,Your OTP for eSign of KYC document with ICICI Bank is 8157. Do not share this code.,True,KYC_OR_ESIGN_OTP,synthetic_auto,synthetic_auto,False,
synthetic_505d2566,Your OTP for UPI transaction on Amazon Pay is 7284. Do not share this code.,True,UPI_TXN_OR_PIN_OTP,synthetic_auto,synthetic_auto,False,
synthetic_3e35a9ba,Your OTP for updating email address on Swiggy is 7284. Do not share this code.,True,APP_ACCOUNT_CHANGE_OTP,synthetic_auto,synthetic_auto,False,
synthetic_47c371fb,Your OTP for Amazon India login is 7248. Do not share this code.,True,APP_LOGIN_OTP,synthetic_auto,synthetic_auto,False,
synthetic_b3a31fa1,Your OTP for NetBanking login is 7248. Do not share this code.,True,FINANCIAL_LOGIN_OTP,synthetic_auto,synthetic_auto,False,
synthetic_8017b864,Your OTP for updating delivery address on BigBasket is 6295. Do not share this code.,True,GENERIC_APP_ACTION_OTP,synthetic_auto,synthetic_auto,False,
synthetic_4022f2d2,Your OTP for eSign of KYC document with ICICI Bank is 7284. Do not share this code.,True,KYC_OR_ESIGN_OTP,synthetic_auto,synthetic_auto,False,
synthetic_5591951b,Your OTP for UPI transaction on MobiKwik is 5308. Do not share this code.,True,UPI_TXN_OR_PIN_OTP,synthetic_auto,synthetic_auto,False,
synthetic_0a3d816f,Your OTP for updating email address on Myntra is 5293. Do not share this code.,True,APP_ACCOUNT_CHANGE_OTP,synthetic_auto,synthetic_auto,False,
synthetic_65364cb8,Your OTP for logging into MyJio app is 5392. Do not share this code.,True,APP_LOGIN_OTP,synthetic_auto,synthetic_auto,False,
synthetic_38cf8ffe,Your OTP for NetBanking login is 5729. Do not share this code.,True,FINANCIAL_LOGIN_OTP,synthetic_auto,synthetic_auto,False,
synthetic_d5ea5e73,Your OTP for verifying your delivery address on Swiggy is 6143. Do not share this code.,True,GENERIC_APP_ACTION_OTP,synthetic_auto,synthetic_auto,False,
synthetic_37142657,Your OTP for KYC verification via eSign on ICICI Bank is 5297. Do not share this code.,True,KYC_OR_ESIGN_OTP,synthetic_auto,synthetic_auto,False,
synthetic_64444aaf,Your OTP for adding a new beneficiary via UPI on PhonePe is 8416. Do not share this code.,True,UPI_TXN_OR_PIN_OTP,synthetic_auto,synthetic_auto,False,
synthetic_3acb439e,Your OTP for updating email address on PhonePe is 8261. Do not share this code.,True,APP_ACCOUNT_CHANGE_OTP,synthetic_auto,synthetic_auto,False,
synthetic_7f5375ad,Your OTP for login to PhonePe is 8472. Do not share this code.,True,APP_LOGIN_OTP,synthetic_auto,synthetic_auto,False,
synthetic_e3b4c609,Your OTP for NetBanking login is 8462. Do not share this code.,True,FINANCIAL_LOGIN_OTP,synthetic_auto,synthetic_auto,False,
synthetic_e7e48612,Your OTP for updating delivery preferences on Swiggy is 5927. Do not share this code.,True,GENERIC_APP_ACTION_OTP,synthetic_auto,synthetic_auto,False,
synthetic_84e83074,Your OTP for KYC verification via eSign on ICICI Bank is 8371. Do not share this code.,True,KYC_OR_ESIGN_OTP,synthetic_auto,synthetic_auto,False,
synthetic_ef2f7b41,Your OTP for adding a new beneficiary via UPI on PhonePe is 8462. Do not share this code.,True,UPI_TXN_OR_PIN_OTP,synthetic_auto,synthetic_auto,False,
synthetic_2d5dfe99,Your OTP for updating your email address on PhonePe is 8416. Do not share this code.,True,APP_ACCOUNT_CHANGE_OTP,synthetic_auto,synthetic_auto,False,
synthetic_a08096dd,Your OTP for PhonePe login is 8462. Do not share this code.,True,APP_LOGIN_OTP,synthetic_auto,synthetic_auto,False,
synthetic_f2663352,Your OTP for NetBanking login is 8472. Do not share this code.,True,FINANCIAL_LOGIN_OTP,synthetic_auto,synthetic_auto,False,
synthetic_8758e811,Your OTP for verifying your email on Flipkart is 5839. Do not share this code.,True,GENERIC_APP_ACTION_OTP,synthetic_auto,synthetic_auto,False,
synthetic_9eff98c6,Your OTP for KYC document verification on PhonePe is 8361. Do not share this code.,True,KYC_OR_ESIGN_OTP,synthetic_auto,synthetic_auto,False,
synthetic_e21345ee,Your OTP for UPI transaction on Google Pay is 1947. Do not share this code.,True,UPI_TXN_OR_PIN_OTP,synthetic_auto,synthetic_auto,False,
synthetic_51358c65,Your OTP for updating email address on Myntra is 4297. Do not share this code.,True,APP_ACCOUNT_CHANGE_OTP,synthetic_auto,synthetic_auto,False,
synthetic_fab33ffb,Your OTP for login to CRED is 1947. Do not share this code.,True,APP_LOGIN_OTP,synthetic_auto,synthetic_auto,False,
synthetic_316320f3,Your OTP for NetBanking login is 4297. Do not share this code.,True,FINANCIAL_LOGIN_OTP,synthetic_auto,synthetic_auto,False,
synthetic_798e1019,Your OTP for resetting filters on Flipkart is 8153. Do not share this code.,True,GENERIC_APP_ACTION_OTP,synthetic_auto,synthetic_auto,False,
synthetic_74dfd386,Your OTP for KYC verification with Aadhaar linking on HDFC Bank is 4729. Do not share this code.,True,KYC_OR_ESIGN_OTP,synthetic_auto,synthetic_auto,False,
synthetic_2c5e8a0d,Your OTP for UPI transaction on Paytm is 6291. Do not share this code.,True,UPI_TXN_OR_PIN_OTP,synthetic_auto,synthetic_auto,False,
synthetic_abca78c6,Your OTP for updating profile email on Myntra is 6291. Do not share this code.,True,APP_ACCOUNT_CHANGE_OTP,synthetic_auto,synthetic_auto,False,
synthetic_5ae2129c,Your OTP for login to Paytm is 6193. Do not share this code.,True,APP_LOGIN_OTP,synthetic_auto,synthetic_auto,False,
synthetic_9c69a251,Your OTP for NetBanking login is 6193. Do not share this code.,True,FINANCIAL_LOGIN_OTP,synthetic_auto,synthetic_auto,False,
synthetic_af9f7948,Your OTP for updating delivery preferences on Flipkart is 4826. Do not share this code.,True,GENERIC_APP_ACTION_OTP,synthetic_auto,synthetic_auto,False,
synthetic_abf00be0,Your OTP for eSign document verification on HDFC Bank is 6291. Do not share this code.,True,KYC_OR_ESIGN_OTP,synthetic_auto,synthetic_auto,False,
synthetic_ce261fc5,Your OTP for UPI transaction on Paytm is 6193. Do not share this code.,True,UPI_TXN_OR_PIN_OTP,synthetic_auto,synthetic_auto,False,
synthetic_a9d238b8,Your OTP for updating your phone number on Flipkart is 3759. Do not share this code.,True,APP_ACCOUNT_CHANGE_OTP,synthetic_auto,synthetic_auto,False,
synthetic_215e2e29,Your OTP for logging into Paytm is 3759. Do not share this code.,True,APP_LOGIN_OTP,synthetic_auto,synthetic_auto,False,
synthetic_827e01f9,Your OTP for NetBanking login is 3759. Do not share this code.,True,FINANCIAL_LOGIN_OTP,synthetic_auto,synthetic_auto,False,
synthetic_e27419f6,Your OTP for updating delivery preferences on Flipkart is 3857. Do not share this code.,True,GENERIC_APP_ACTION_OTP,synthetic_auto,synthetic_auto,False,
synthetic_d9b0a0e0,Your OTP for eSign of KYC document with ICICI Bank is 4729. Do not share this code.,True,KYC_OR_ESIGN_OTP,synthetic_auto,synthetic_auto,False,
synthetic_cd64af15,Your OTP for UPI transaction on Paytm is 3759. Do not share this code.,True,UPI_TXN_OR_PIN_OTP,synthetic_auto,synthetic_auto,False,
synthetic_b11631db,Your OTP for updating phone number on Flipkart is 3759. Do not share this code.,True,APP_ACCOUNT_CHANGE_OTP,synthetic_auto,synthetic_auto,False,
synthetic_9be3ca5b,Your OTP for logging into Amazon India is 7284. Do not share this code.,True,APP_LOGIN_OTP,synthetic_auto,synthetic_auto,False,
synthetic_1b35dcd7,Your OTP for YONO SBI login is 5398. Do not share this code.,True,FINANCIAL_LOGIN_OTP,synthetic_auto,synthetic_auto,False,
synthetic_6dbf400c,Your OTP for updating delivery preferences on Flipkart is 5398. Do not share this code.,True,GENERIC_APP_ACTION_OTP,synthetic_auto,synthetic_auto,False,
synthetic_70dc0ad0,Your OTP for completing KYC and eSign document verification on HDFC Bank is 5397. Do not share this code.,True,KYC_OR_ESIGN_OTP,synthetic_auto,synthetic_auto,False,
synthetic_7f74fc25,Your UPI transaction OTP is 7294. Do not share this code with anyone.,True,UPI_TXN_OR_PIN_OTP,synthetic_auto,synthetic_auto,False,
synthetic_1a7044b0,Your OTP for updating profile settings in PhonePe is 7294. Do not share this code.,True,APP_ACCOUNT_CHANGE_OTP,synthetic_auto,synthetic_auto,False,
synthetic_1a76c056,Your OTP for Paytm login is 7392. Do not share this code.,True,APP_LOGIN_OTP,synthetic_auto,synthetic_auto,False,
synthetic_c416ae0d,Your SBI YONO login OTP is 729481. Do not share this code with anyone.,True,FINANCIAL_LOGIN_OTP,synthetic_auto,synthetic_auto,False,
synthetic_8affc2be,Your OTP for submitting feedback on Zomato is 4816. Do not share this code.,True,GENERIC_APP_ACTION_OTP,synthetic_auto,synthetic_auto,False,
synthetic_cdff4b93,Your KYC verification OTP for HDFC Bank is 4829. Do not share this code.,True,KYC_OR_ESIGN_OTP,synthetic_auto,synthetic_auto,False,
synthetic_87b1db0f,Your UPI PIN change OTP is 4831. Do not share this code with anyone.,True,UPI_TXN_OR_PIN_OTP,synthetic_auto,synthetic_auto,False,
synthetic_a4584c10,Your OTP for updating your profile phone number in PhonePe is 4719. Do not share this code.,True,APP_ACCOUNT_CHANGE_OTP,synthetic_auto,synthetic_auto,False,
synthetic_184c93ac,Your OTP for logging into Paytm is 4619. Do not share this code.,True,APP_LOGIN_OTP,synthetic_auto,synthetic_auto,False,
synthetic_9ffe280a,Your OTP for NetBanking login is 4816. Do not share this code with anyone.,True,FINANCIAL_LOGIN_OTP,synthetic_auto,synthetic_auto,False,
synthetic_54d92b19,Your OTP for enabling two-factor authentication in PhonePe is 4816. Do not share this code.,True,GENERIC_APP_ACTION_OTP,synthetic_auto,synthetic_auto,False,
synthetic_baab026d,Your OTP for Aadhaar linking with SBI YONO is 4819. Do not share this code.,True,KYC_OR_ESIGN_OTP,synthetic_auto,synthetic_auto,False,
synthetic_4978ae3e,Your OTP for adding a new beneficiary via UPI is 4187. Do not share this code.,True,UPI_TXN_OR_PIN_OTP,synthetic_auto,synthetic_auto,False,
synthetic_9caf1a4f,Your OTP for updating your phone number in PhonePe is 4816. Do not share this code.,True,APP_ACCOUNT_CHANGE_OTP,synthetic_auto,synthetic_auto,False,
synthetic_12dac39b,Your OTP for logging into PhonePe is 4168. Do not share this code with anyone.,True,APP_LOGIN_OTP,synthetic_auto,synthetic_auto,False,
synthetic_8026b0db,Your OTP for YONO login is 9261. Do not share this code.,True,FINANCIAL_LOGIN_OTP,synthetic_auto,synthetic_auto,False,
synthetic_0eaf4d2a,Your OTP for verifying your Swiggy delivery address is 7391. Do not share this code.,True,GENERIC_APP_ACTION_OTP,synthetic_auto,synthetic_auto,False,
synthetic_c7ac04ce,Your OTP for completing KYC and eSign document verification with HDFC Bank is 6184. Do not share this code.,True,KYC_OR_ESIGN_OTP,synthetic_auto,synthetic_auto,False,
synthetic_a8956b6b,Your OTP for adding a new beneficiary via UPI is 9147. Do not share this code.,True,UPI_TXN_OR_PIN_OTP,synthetic_auto,synthetic_auto,False,
synthetic_d59e76cc,Your OTP for updating your phone number in PhonePe is 9261. Do not share this code.,True,APP_ACCOUNT_CHANGE_OTP,synthetic_auto,synthetic_auto,False,
synthetic_1be1f0c7,Your OTP for Paytm login is 9267. Do not share this code with anyone.,True,APP_LOGIN_OTP,synthetic_auto,synthetic_auto,False,
synthetic_5e50acc9,Your OTP for YONO SBI login is 9261. Do not share this code.,True,FINANCIAL_LOGIN_OTP,synthetic_auto,synthetic_auto,False,
synthetic_03fc362e,Your OTP for enabling dark mode in PhonePe is 9261. Do not share this code.,True,GENERIC_APP_ACTION_OTP,synthetic_auto,synthetic_auto,False,
synthetic_74958bd6,Your OTP for completing KYC and eSign document verification with HDFC Bank is 3759. Do not share this code.,True,KYC_OR_ESIGN_OTP,synthetic_auto,synthetic_auto,False,
synthetic_11e831e2,Your OTP for adding a new beneficiary in PhonePe UPI is 3965. Do not share this code.,True,UPI_TXN_OR_PIN_OTP,synthetic_auto,synthetic_auto,False,
synthetic_042b01d4,Your OTP for updating phone number in PhonePe is 6291. Do not share this code.,True,APP_ACCOUNT_CHANGE_OTP,synthetic_auto,synthetic_auto,False,
synthetic_61009349,Your OTP for PhonePe login is 3928. Do not share this code.,True,APP_LOGIN_OTP,synthetic_auto,synthetic_auto,False,
synthetic_c47aa5d9,Your OTP for SBI YONO login is 5298. Do not share this code.,True,FINANCIAL_LOGIN_OTP,synthetic_auto,synthetic_auto,False,
synthetic_5bd2a4c2,Your OTP for resetting your Zomato delivery address is 4816. Do not share this code.,True,GENERIC_APP_ACTION_OTP,synthetic_auto,synthetic_auto,False,
synthetic_c15040b0,Your OTP for completing KYC document verification with ICICI Bank is 3927. Do not share this code.,True,KYC_OR_ESIGN_OTP,synthetic_auto,synthetic_auto,False,
synthetic_3db35044,Your OTP for UPI transaction with PhonePe is 3927. Do not share this code.,True,UPI_TXN_OR_PIN_OTP,synthetic_auto,synthetic_auto,False,
synthetic_ac70f57e,Your OTP for updating your PhonePe profile email is 392617. Do not share this code.,True,APP_ACCOUNT_CHANGE_OTP,synthetic_auto,synthetic_auto,False,
synthetic_284b210e,Your OTP for PhonePe login is 3927. Do not share this code.,True,APP_LOGIN_OTP,synthetic_auto,synthetic_auto,False,
synthetic_a34b125e,Your OTP for SBI YONO login is 629481. Do not share this code.,True,FINANCIAL_LOGIN_OTP,synthetic_auto,synthetic_auto,False,
synthetic_4259f4f9,Your OTP for verifying your email in Myntra is 4816. Do not share this code.,True,GENERIC_APP_ACTION_OTP,synthetic_auto,synthetic_auto,False,
synthetic_caca474d,Your OTP for eSign of KYC documents with HDFC Bank is 6184. Do not share this code.,True,KYC_OR_ESIGN_OTP,synthetic_auto,synthetic_auto,False,
synthetic_faf48133,Your OTP for adding a new beneficiary via UPI is 5683. Do not share this code.,True,UPI_TXN_OR_PIN_OTP,synthetic_auto,synthetic_auto,False,
synthetic_7887b3d1,Your OTP for updating your email address in PhonePe is 628491. Do not share this code.,True,APP_ACCOUNT_CHANGE_OTP,synthetic_auto,synthetic_auto,False,
synthetic_4b3fd2a2,Your OTP for PhonePe login is 5681. Do not share this code.,True,APP_LOGIN_OTP,synthetic_auto,synthetic_auto,False,
synthetic_7e921709,Your OTP for SBI YONO NetBanking login is 5683. Do not share this code.,True,FINANCIAL_LOGIN_OTP,synthetic_auto,synthetic_auto,False,
synthetic_4b5bd381,Your OTP for updating profile picture in Myntra app is 6294. Do not share this code.,True,GENERIC_APP_ACTION_OTP,synthetic_auto,synthetic_auto,False,
synthetic_51d6daa6,Your OTP for Aadhaar linking with HDFC Bank is 5618. Do not share this code.,True,KYC_OR_ESIGN_OTP,synthetic_auto,synthetic_auto,False,
synthetic_487f5ffd,Your OTP for UPI transaction with PhonePe is 5832. Do not share this code.,True,UPI_TXN_OR_PIN_OTP,synthetic_auto,synthetic_auto,False,
synthetic_34799d8c,Your OTP for updating your profile email in PhonePe is 6194. Do not share this code.,True,APP_ACCOUNT_CHANGE_OTP,synthetic_auto,synthetic_auto,False,
synthetic_09008ae0,Your OTP for PhonePe login is 5391. Do not share this code.,True,APP_LOGIN_OTP,synthetic_auto,synthetic_auto,False,
synthetic_58e7013d,Your OTP for NetBanking login is 5298. Do not share this code.,True,FINANCIAL_LOGIN_OTP,synthetic_auto,synthetic_auto,False,
synthetic_22eda3c9,Your OTP for updating profile picture on Flipkart is 5392. Do not share this code.,True,GENERIC_APP_ACTION_OTP,synthetic_auto,synthetic_auto,False,
synthetic_ee861810,Your OTP for eSign of Aadhaar linking with HDFC Bank is 618492. Do not share this code.,True,KYC_OR_ESIGN_OTP,synthetic_auto,synthetic_auto,False,
synthetic_7f4a6972,Your OTP for UPI transaction with PhonePe is 6284. Do not share this code.,True,UPI_TXN_OR_PIN_OTP,synthetic_auto,synthetic_auto,False,
synthetic_de8ef818,Your OTP for updating your profile email in PhonePe is 5298. Do not share this code.,True,APP_ACCOUNT_CHANGE_OTP,synthetic_auto,synthetic_auto,False,
synthetic_35bb5c97,Your OTP for PhonePe login is 5629. Do not share this code.,True,APP_LOGIN_OTP,synthetic_auto,synthetic_auto,False,
synthetic_193c0da3,Your OTP for SBI YONO NetBanking login is 6193. Do not share this code.,True,FINANCIAL_LOGIN_OTP,synthetic_auto,synthetic_auto,False,
synthetic_2248e2c2,Your OTP for updating profile picture on Zomato is 6294. Do not share this code.,True,GENERIC_APP_ACTION_OTP,synthetic_auto,synthetic_auto,False,
synthetic_cc6bf08c,Your OTP for eSign of KYC documents with HDFC Bank is 562891. Do not share this code.,True,KYC_OR_ESIGN_OTP,synthetic_auto,synthetic_auto,False,
synthetic_25445d55,Your OTP for UPI transaction with PhonePe is 5683. Do not share this code.,True,UPI_TXN_OR_PIN_OTP,synthetic_auto,synthetic_auto,False,
synthetic_5ae60b52,Your OTP for updating your profile email in PhonePe is 539281. Do not share this code.,True,APP_ACCOUNT_CHANGE_OTP,synthetic_auto,synthetic_auto,False,
synthetic_c8b6f606,Your OTP for PhonePe login is 5683. Do not share this code.,True,APP_LOGIN_OTP,synthetic_auto,synthetic_auto,False,
synthetic_7d72d132,Your OTP for SBI YONO login is 6184. Do not share this code.,True,FINANCIAL_LOGIN_OTP,synthetic_auto,synthetic_auto,False,
synthetic_e646ed20,Your OTP for updating profile picture on PhonePe is 6381. Do not share this code.,True,GENERIC_APP_ACTION_OTP,synthetic_auto,synthetic_auto,False,
synthetic_755fb9f1,Your OTP for eSign of KYC documents with Axis Bank is 4729. Do not share this code.,True,KYC_OR_ESIGN_OTP,synthetic_auto,synthetic_auto,False,
synthetic_bdb2c757,Your OTP for adding a new beneficiary via UPI on PhonePe is 4729. Do not share this code.,True,UPI_TXN_OR_PIN_OTP,synthetic_auto,synthetic_auto,False,
synthetic_14ca7fc4,Your OTP for updating your profile email in PhonePe is 4729. Do not share this code.,True,APP_ACCOUNT_CHANGE_OTP,synthetic_auto,synthetic_auto,False,
synthetic_f0ae82d5,Your OTP for PhonePe login is 8371. Do not share this code.,True,APP_LOGIN_OTP,synthetic_auto,synthetic_auto,False,
synthetic_6fde8c3a,Your OTP for SBI YONO login is 4729. Do not share this code.,True,FINANCIAL_LOGIN_OTP,synthetic_auto,synthetic_auto,False,
synthetic_4382ad1a,Your OTP for updating profile picture in PhonePe is 7392. Do not share this code.,True,GENERIC_APP_ACTION_OTP,synthetic_auto,synthetic_auto,False,
synthetic_8abb416b,Your OTP for Aadhaar linking with SBI YONO is 4739. Do not share this code.,True,KYC_OR_ESIGN_OTP,synthetic_auto,synthetic_auto,False,
synthetic_4046c18d,Your OTP for UPI transaction of Rs 1500 is 8361. Do not share this code.,True,UPI_TXN_OR_PIN_OTP,synthetic_auto,synthetic_auto,False,
synthetic_292db8fc,Your OTP for updating your profile email address on Myntra is 8361. Do not share this code.,True,APP_ACCOUNT_CHANGE_OTP,synthetic_auto,synthetic_auto,False,
synthetic_926c7ca6,Your OTP for Amazon India login is 8361. Do not share this code.,True,APP_LOGIN_OTP,synthetic_auto,synthetic_auto,False,
synthetic_4c395a0b,Your OTP for YONO SBI login is 8361. Do not share this code.,True,FINANCIAL_LOGIN_OTP,synthetic_auto,synthetic_auto,False,
synthetic_fbc9c11d,Your OTP for updating profile picture on Zomato is 8361. Do not share this code.,True,GENERIC_APP_ACTION_OTP,synthetic_auto,synthetic_auto,False,
synthetic_6ba978f7,Your OTP for eSign of Aadhaar-linked KYC documents with Axis Bank is 8371. Do not share this code.,True,KYC_OR_ESIGN_OTP,synthetic_auto,synthetic_auto,False,
synthetic_e31c97f4,Your OTP for UPI transaction approval is 8357. Do not share this code.,True,UPI_TXN_OR_PIN_OTP,synthetic_auto,synthetic_auto,False,
synthetic_924ca1c8,Your OTP for updating your profile email on Myntra is 8361. Do not share this code.,True,APP_ACCOUNT_CHANGE_OTP,synthetic_auto,synthetic_auto,False,
synthetic_f926f5e3,Your OTP for logging into Amazon India is 8361. Do not share this code.,True,APP_LOGIN_OTP,synthetic_auto,synthetic_auto,False,
synthetic_90c4fba1,Your OTP for Axis Mobile login is 7582. Do not share this code.,True,FINANCIAL_LOGIN_OTP,synthetic_auto,synthetic_auto,False,
synthetic_b9bcd5aa,Your OTP for verifying your email on Zomato is 4816. Do not share this code.,True,GENERIC_APP_ACTION_OTP,synthetic_auto,synthetic_auto,False,
synthetic_a0eb5f2a,Your OTP for eSign document verification with ICICI Bank is 5831. Do not share this code.,True,KYC_OR_ESIGN_OTP,synthetic_auto,synthetic_auto,False,
synthetic_1a710069,Your UPI transaction OTP for adding a new beneficiary is 5832. Do not share this code.,True,UPI_TXN_OR_PIN_OTP,synthetic_auto,synthetic_auto,False,
synthetic_a7aece6a,Your OTP for updating your email address in the PhonePe app is 5832. Do not share this code.,True,APP_ACCOUNT_CHANGE_OTP,synthetic_auto,synthetic_auto,False,
synthetic_232ececd,Your OTP for ICICI iMobile app login is 5832. Do not share this code.,True,APP_LOGIN_OTP,synthetic_auto,synthetic_auto,False,
synthetic_31268896,Your SBI YONO login OTP is 583921. Do not share this code.,True,FINANCIAL_LOGIN_OTP,synthetic_auto,synthetic_auto,False,
synthetic_e98c2362,Your OTP for updating profile picture in PhonePe is 5832. Do not share this code.,True,GENERIC_APP_ACTION_OTP,synthetic_auto,synthetic_auto,False,
synthetic_9c208a6c,Your OTP for completing KYC via eSign with State Bank of India is 4168. Do not share this code.,True,KYC_OR_ESIGN_OTP,synthetic_auto,synthetic_auto,False,
synthetic_396d5654,Your OTP for UPI transaction with SBI is 4816. Do not share this code.,True,UPI_TXN_OR_PIN_OTP,synthetic_auto,synthetic_auto,False,
synthetic_caee5b24,Your OTP for updating phone number in Paytm is 4186. Do not share this code.,True,APP_ACCOUNT_CHANGE_OTP,synthetic_auto,synthetic_auto,False,
synthetic_dad51a40,Your OTP for logging into Paytm is 4628. Do not share this code.,True,APP_LOGIN_OTP,synthetic_auto,synthetic_auto,False,
synthetic_db2b5f61,Your OTP for SBI YONO login is 4628. Do not share this code.,True,FINANCIAL_LOGIN_OTP,synthetic_auto,synthetic_auto,False,
synthetic_79d2de45,Your OTP for updating profile picture in PhonePe is 4816. Do not share this code.,True,GENERIC_APP_ACTION_OTP,synthetic_auto,synthetic_auto,False,
synthetic_30870106,Your OTP for PAN linking via KYC with SBI is 4628. Do not share this code.,True,KYC_OR_ESIGN_OTP,synthetic_auto,synthetic_auto,False,
synthetic_851c1baa,Your OTP for UPI transaction with PhonePe is 4816. Do not share this code.,True,UPI_TXN_OR_PIN_OTP,synthetic_auto,synthetic_auto,False,
synthetic_e3a57c1c,Your OTP for updating your profile email in PhonePe is 4186. Do not share this code.,True,APP_ACCOUNT_CHANGE_OTP,synthetic_auto,synthetic_auto,False,
synthetic_617c4fb8,Your OTP for logging into PhonePe is 4628. Do not share this code.,True,APP_LOGIN_OTP,synthetic_auto,synthetic_auto,False,
synthetic_8adcf21e,Your OTP for NetBanking login with SBI is 4186. Do not share this code.,True,FINANCIAL_LOGIN_OTP,synthetic_auto,synthetic_auto,False,
synthetic_f87693e2,Your OTP for updating your delivery address in Myntra is 6392. Do not share this code.,True,GENERIC_APP_ACTION_OTP,synthetic_auto,synthetic_auto,False,
synthetic_3bd2aa48,Your OTP for Aadhaar eKYC with SBI YONO is 4628. Do not share this code.,True,KYC_OR_ESIGN_OTP,synthetic_auto,synthetic_auto,False,
synthetic_e6c02dfc,Your OTP for UPI transaction with Axis Bank is 3947. Do not share this code.,True,UPI_TXN_OR_PIN_OTP,synthetic_auto,synthetic_auto,False,
synthetic_9a0675c4,Your OTP for updating email address in Paytm is 6295. Do not share this code.,True,APP_ACCOUNT_CHANGE_OTP,synthetic_auto,synthetic_auto,False,
synthetic_8fd13df4,Your OTP for logging into Paytm is 9267. Do not share this code.,True,APP_LOGIN_OTP,synthetic_auto,synthetic_auto,False,
